/*
SQLyog Community v12.2.6 (64 bit)
MySQL - 5.6.24 : Database - jobworld
*********************************************************************
*/

/*!40101 SET NAMES utf8 */;

/*!40101 SET SQL_MODE=''*/;

/*!40014 SET @OLD_UNIQUE_CHECKS=@@UNIQUE_CHECKS, UNIQUE_CHECKS=0 */;
/*!40014 SET @OLD_FOREIGN_KEY_CHECKS=@@FOREIGN_KEY_CHECKS, FOREIGN_KEY_CHECKS=0 */;
/*!40101 SET @OLD_SQL_MODE=@@SQL_MODE, SQL_MODE='NO_AUTO_VALUE_ON_ZERO' */;
/*!40111 SET @OLD_SQL_NOTES=@@SQL_NOTES, SQL_NOTES=0 */;
CREATE DATABASE /*!32312 IF NOT EXISTS*/`jobworld` /*!40100 DEFAULT CHARACTER SET utf8 */;

USE `jobworld`;

/*Table structure for table `ci_sessions` */

DROP TABLE IF EXISTS `ci_sessions`;

CREATE TABLE `ci_sessions` (
  `id` varchar(40) NOT NULL,
  `ip_address` varchar(45) NOT NULL,
  `timestamp` int(10) unsigned NOT NULL DEFAULT '0',
  `data` blob NOT NULL,
  PRIMARY KEY (`id`),
  KEY `ci_sessions_timestamp` (`timestamp`)
) ENGINE=InnoDB DEFAULT CHARSET=utf8;

/*Data for the table `ci_sessions` */

insert  into `ci_sessions`(`id`,`ip_address`,`timestamp`,`data`) values 
('00b0a8478c294ffd38c596a567cc073d368c1823','::1',1493667798,'__ci_last_regenerate|i:1493667499;EMPL_KEY|i:1;EMPL_NAME|s:9:\"도봉철\";MF_FG|s:1:\"F\";'),
('00bde136887e519ebf193e6281b62b597353e674','::1',1493675091,'__ci_last_regenerate|i:1493674792;EMPL_KEY|i:1;EMPL_NAME|s:9:\"도봉철\";MF_FG|s:1:\"F\";'),
('05d7b933d50a91d7af1905d71a492d87145245aa','::1',1493677826,'__ci_last_regenerate|i:1493677528;EMPL_KEY|i:1;EMPL_NAME|s:9:\"도봉철\";MF_FG|s:1:\"F\";'),
('06061c10ba1666aec13ad5df5ac10f7dc6298931','::1',1493674483,'__ci_last_regenerate|i:1493674184;EMPL_KEY|i:1;EMPL_NAME|s:9:\"도봉철\";MF_FG|s:1:\"F\";'),
('070493c7fe614c32d244c4b9ed15ebbb924753fb','::1',1493666582,'__ci_last_regenerate|i:1493666284;EMPL_KEY|i:1;EMPL_NAME|s:9:\"도봉철\";MF_FG|s:1:\"F\";'),
('130e33f0156526e8dd1f302d911d2e8a8ea8e379','::1',1493667190,'__ci_last_regenerate|i:1493666891;EMPL_KEY|i:1;EMPL_NAME|s:9:\"도봉철\";MF_FG|s:1:\"F\";'),
('1b4cfd837d4d8b871d5c051ec181e1eb10a30ebe','::1',1493676914,'__ci_last_regenerate|i:1493676616;EMPL_KEY|i:1;EMPL_NAME|s:9:\"도봉철\";MF_FG|s:1:\"F\";'),
('25484d3fa909e45bc895ab04359a33bb860a5baf','::1',1493672660,'__ci_last_regenerate|i:1493672362;EMPL_KEY|i:1;EMPL_NAME|s:9:\"도봉철\";MF_FG|s:1:\"F\";'),
('2fca074c427754ab891b1ba07ada6c002b4c0221','::1',1493668709,'__ci_last_regenerate|i:1493668411;EMPL_KEY|i:1;EMPL_NAME|s:9:\"도봉철\";MF_FG|s:1:\"F\";'),
('3f669c8ef3656ce1b8ab025a6f913a146bfc764f','::1',1493673267,'__ci_last_regenerate|i:1493672969;EMPL_KEY|i:1;EMPL_NAME|s:9:\"도봉철\";MF_FG|s:1:\"F\";'),
('3fecd33205dd621592cfaf81c5065cece7409cc4','::1',1493675395,'__ci_last_regenerate|i:1493675096;EMPL_KEY|i:1;EMPL_NAME|s:9:\"도봉철\";MF_FG|s:1:\"F\";'),
('51090b818d9400eb153ed1851230f9f063a26922','::1',1493670533,'__ci_last_regenerate|i:1493670235;EMPL_KEY|i:1;EMPL_NAME|s:9:\"도봉철\";MF_FG|s:1:\"F\";'),
('547e9ebebb4fb68d7b22f9f53e1a6fc60791aac7','::1',1493667494,'__ci_last_regenerate|i:1493667195;EMPL_KEY|i:1;EMPL_NAME|s:9:\"도봉철\";MF_FG|s:1:\"F\";'),
('58be0583752d15192e94f334f28fd6625edf271c','::1',1493674786,'__ci_last_regenerate|i:1493674488;EMPL_KEY|i:1;EMPL_NAME|s:9:\"도봉철\";MF_FG|s:1:\"F\";'),
('633987a93feae1348bfa1493e89a49abdfd32656','::1',1493668102,'__ci_last_regenerate|i:1493667803;EMPL_KEY|i:1;EMPL_NAME|s:9:\"도봉철\";MF_FG|s:1:\"F\";'),
('6995629a8f6d814ad6114351c264e4efb40c50b9','::1',1493669317,'__ci_last_regenerate|i:1493669018;EMPL_KEY|i:1;EMPL_NAME|s:9:\"도봉철\";MF_FG|s:1:\"F\";'),
('740d3f2da8347e1fa009630d98955612b5eaa088','::1',1493674179,'__ci_last_regenerate|i:1493673880;EMPL_KEY|i:1;EMPL_NAME|s:9:\"도봉철\";MF_FG|s:1:\"F\";'),
('75c7954d5777114eff70dafbeaf7eeca45380126','::1',1493681171,'__ci_last_regenerate|i:1493680873;EMPL_KEY|i:1;EMPL_NAME|s:9:\"도봉철\";MF_FG|s:1:\"F\";'),
('7683e6b888bd786e2e7a2c9344fd81f7794e2341','::1',1493678130,'__ci_last_regenerate|i:1493677831;EMPL_KEY|i:1;EMPL_NAME|s:9:\"도봉철\";MF_FG|s:1:\"F\";'),
('86f874e0969537779b8de8fc026c746f856c6db7','::1',1493666279,'__ci_last_regenerate|i:1493665980;EMPL_KEY|i:1;EMPL_NAME|s:9:\"도봉철\";MF_FG|s:1:\"F\";'),
('87b3a4eaa235e90cbfed01988c4018cb229f4e66','::1',1493677219,'__ci_last_regenerate|i:1493676920;EMPL_KEY|i:1;EMPL_NAME|s:9:\"도봉철\";MF_FG|s:1:\"F\";'),
('8ab5c7ec62c84e57e2699e80286db6ea865a60ab','::1',1493676003,'__ci_last_regenerate|i:1493675704;EMPL_KEY|i:1;EMPL_NAME|s:9:\"도봉철\";MF_FG|s:1:\"F\";'),
('8f40d54f801cf92d3e5133cde8523640e2881e52','::1',1493678434,'__ci_last_regenerate|i:1493678135;EMPL_KEY|i:1;EMPL_NAME|s:9:\"도봉철\";MF_FG|s:1:\"F\";'),
('8f50faaa150f0d34b6b2c2a2570e2ba4fafc13c1','::1',1493673571,'__ci_last_regenerate|i:1493673272;EMPL_KEY|i:1;EMPL_NAME|s:9:\"도봉철\";MF_FG|s:1:\"F\";'),
('9010ebfc9237579275963d28e1f5dbf3dfb17bcd','::1',1493672053,'__ci_last_regenerate|i:1493671754;EMPL_KEY|i:1;EMPL_NAME|s:9:\"도봉철\";MF_FG|s:1:\"F\";'),
('90845354982e1dc698ea7af4051c4126fa128ae8','::1',1493677523,'__ci_last_regenerate|i:1493677224;EMPL_KEY|i:1;EMPL_NAME|s:9:\"도봉철\";MF_FG|s:1:\"F\";'),
('90b3bcba1a7d234ed8ff85f9e07001a1623ab1c3','::1',1493680868,'__ci_last_regenerate|i:1493680569;EMPL_KEY|i:1;EMPL_NAME|s:9:\"도봉철\";MF_FG|s:1:\"F\";'),
('9871b84db10508087a92589d917c0758b215b254','::1',1493676307,'__ci_last_regenerate|i:1493676008;EMPL_KEY|i:1;EMPL_NAME|s:9:\"도봉철\";MF_FG|s:1:\"F\";'),
('9a4ad52ad36ea4f0a0a66418bad2f9b6e6cca958','::1',1493671445,'__ci_last_regenerate|i:1493671146;EMPL_KEY|i:1;EMPL_NAME|s:9:\"도봉철\";MF_FG|s:1:\"F\";'),
('a299350f62772a8538fc63f49afb83ced49f288d','::1',1493669621,'__ci_last_regenerate|i:1493669322;EMPL_KEY|i:1;EMPL_NAME|s:9:\"도봉철\";MF_FG|s:1:\"F\";'),
('a4d486771dc5a915f5806a27afdc2e14b4318d58','::1',1493676611,'__ci_last_regenerate|i:1493676312;EMPL_KEY|i:1;EMPL_NAME|s:9:\"도봉철\";MF_FG|s:1:\"F\";'),
('ab8ab77be2db6d457e91a56daac3eda7d0f31ef6','::1',1493680259,'__ci_last_regenerate|i:1493679960;EMPL_KEY|i:1;EMPL_NAME|s:9:\"도봉철\";MF_FG|s:1:\"F\";'),
('afcb4074b0d158dd80e29619878e59d19a5a5e30','::1',1493666886,'__ci_last_regenerate|i:1493666588;EMPL_KEY|i:1;EMPL_NAME|s:9:\"도봉철\";MF_FG|s:1:\"F\";'),
('b15605fd987a17f8e816375261c17d832323231c','::1',1493679650,'__ci_last_regenerate|i:1493679352;EMPL_KEY|i:1;EMPL_NAME|s:9:\"도봉철\";MF_FG|s:1:\"F\";'),
('b1fe5804301ef179a1b0b20c12fa7e52b0267413','::1',1493675699,'__ci_last_regenerate|i:1493675400;EMPL_KEY|i:1;EMPL_NAME|s:9:\"도봉철\";MF_FG|s:1:\"F\";'),
('b4324a8490b44d320421f7f6cb353c9c323aceae','::1',1493672357,'__ci_last_regenerate|i:1493672058;EMPL_KEY|i:1;EMPL_NAME|s:9:\"도봉철\";MF_FG|s:1:\"F\";'),
('b6f4e4a8ad2cada2ac96100963109cc480764e04','::1',1493679955,'__ci_last_regenerate|i:1493679656;EMPL_KEY|i:1;EMPL_NAME|s:9:\"도봉철\";MF_FG|s:1:\"F\";'),
('b99b45f46130a7813502c3c22f67ac6d9a0a2597','::1',1493668406,'__ci_last_regenerate|i:1493668107;EMPL_KEY|i:1;EMPL_NAME|s:9:\"도봉철\";MF_FG|s:1:\"F\";'),
('c2f482f69785dcb753ef07c3d60a8c244be161fc','::1',1493673875,'__ci_last_regenerate|i:1493673576;EMPL_KEY|i:1;EMPL_NAME|s:9:\"도봉철\";MF_FG|s:1:\"F\";'),
('c38ee55c400a33834c8ea17320f0a63c9485bb61','::1',1493670837,'__ci_last_regenerate|i:1493670538;EMPL_KEY|i:1;EMPL_NAME|s:9:\"도봉철\";MF_FG|s:1:\"F\";'),
('c92d614aeb3d6a47bd490545bc35359aa2bee884','::1',1493671141,'__ci_last_regenerate|i:1493670842;EMPL_KEY|i:1;EMPL_NAME|s:9:\"도봉철\";MF_FG|s:1:\"F\";'),
('cadba6c82f20b173e63c20f553c0fac90a9b3161','::1',1493678738,'__ci_last_regenerate|i:1493678439;EMPL_KEY|i:1;EMPL_NAME|s:9:\"도봉철\";MF_FG|s:1:\"F\";'),
('d1d3a5beb4919777657b8c7d4334f08883dc7d76','::1',1493669013,'__ci_last_regenerate|i:1493668714;EMPL_KEY|i:1;EMPL_NAME|s:9:\"도봉철\";MF_FG|s:1:\"F\";'),
('d56ed65683929bebb7086b73d687858f67658fb3','::1',1493670230,'__ci_last_regenerate|i:1493669931;EMPL_KEY|i:1;EMPL_NAME|s:9:\"도봉철\";MF_FG|s:1:\"F\";'),
('dbde71d46c5f091856a97d3ee30f0f835a24d5ec','::1',1493669926,'__ci_last_regenerate|i:1493669626;EMPL_KEY|i:1;EMPL_NAME|s:9:\"도봉철\";MF_FG|s:1:\"F\";'),
('e0714534312702361ba31cd4783f3a7f2e8973c2','::1',1493672964,'__ci_last_regenerate|i:1493672666;EMPL_KEY|i:1;EMPL_NAME|s:9:\"도봉철\";MF_FG|s:1:\"F\";'),
('e5a641c1fd52ae21c84fcacf61fcaea865c1dafc','::1',1493679347,'__ci_last_regenerate|i:1493679048;EMPL_KEY|i:1;EMPL_NAME|s:9:\"도봉철\";MF_FG|s:1:\"F\";'),
('eaa68c0d8f211b3123807f1c0a793593536de354','::1',1493671749,'__ci_last_regenerate|i:1493671450;EMPL_KEY|i:1;EMPL_NAME|s:9:\"도봉철\";MF_FG|s:1:\"F\";'),
('ecd5f8d8b2155b213479d6176b2be62da7ebbe07','::1',1493681264,'__ci_last_regenerate|i:1493681176;EMPL_KEY|i:1;EMPL_NAME|s:9:\"도봉철\";MF_FG|s:1:\"F\";'),
('f3e1e0bd1b2d71bf41c06b5776139c178ea8df37','::1',1493679042,'__ci_last_regenerate|i:1493678743;EMPL_KEY|i:1;EMPL_NAME|s:9:\"도봉철\";MF_FG|s:1:\"F\";'),
('fed6919755aeacbbcf6637997b8651b0f7c25c86','::1',1493680563,'__ci_last_regenerate|i:1493680264;EMPL_KEY|i:1;EMPL_NAME|s:9:\"도봉철\";MF_FG|s:1:\"F\";');

/*Table structure for table `job010` */

DROP TABLE IF EXISTS `job010`;

CREATE TABLE `job010` (
  `STATUS` varchar(64) NOT NULL COMMENT '체험순서',
  `INSERT_EMP_NO` varchar(32) NOT NULL COMMENT '최초등록자ID',
  `INSERT_DATE` datetime NOT NULL COMMENT '최초등록일시',
  `UPDATE_EMP_NO` varchar(32) DEFAULT NULL COMMENT '최종수정자ID',
  `UPDATE_DATE` datetime DEFAULT NULL COMMENT '최종수정일시',
  PRIMARY KEY (`STATUS`)
) ENGINE=InnoDB DEFAULT CHARSET=utf8;

/*Data for the table `job010` */

insert  into `job010`(`STATUS`,`INSERT_EMP_NO`,`INSERT_DATE`,`UPDATE_EMP_NO`,`UPDATE_DATE`) values 
('{\"fund_STATUS\":\"0\",\"bond_STATUS\":\"0\",\"stock_STATUS\":\"1\"}','서정석','2017-04-14 11:06:37',NULL,NULL);

/*Table structure for table `job011` */

DROP TABLE IF EXISTS `job011`;

CREATE TABLE `job011` (
  `PG_LOCK` tinyint(1) NOT NULL DEFAULT '0' COMMENT '사용제한',
  `INSERT_EMP_NO` varchar(32) NOT NULL COMMENT '최초등록자ID',
  `INSERT_DATE` datetime NOT NULL COMMENT '최초등록일시',
  `UPDATE_EMP_NO` varchar(32) DEFAULT NULL COMMENT '최종수정자ID',
  `UPDATE_DATE` datetime DEFAULT NULL COMMENT '최종수정일시',
  PRIMARY KEY (`PG_LOCK`)
) ENGINE=InnoDB DEFAULT CHARSET=utf8;

/*Data for the table `job011` */

insert  into `job011`(`PG_LOCK`,`INSERT_EMP_NO`,`INSERT_DATE`,`UPDATE_EMP_NO`,`UPDATE_DATE`) values 
(0,'서정석','2017-04-14 15:57:07',NULL,NULL);

/*Table structure for table `job012` */

DROP TABLE IF EXISTS `job012`;

CREATE TABLE `job012` (
  `DATA_TYPE` enum('0','1','2') NOT NULL DEFAULT '1' COMMENT '체험데이터',
  `INSERT_EMP_NO` varchar(32) NOT NULL COMMENT '최초등록자ID',
  `INSERT_DATE` datetime NOT NULL COMMENT '최초등록일시',
  `UPDATE_EMP_NO` varchar(32) DEFAULT NULL COMMENT '최종수정자ID',
  `UPDATE_DATE` datetime DEFAULT NULL COMMENT '최종수정일시',
  PRIMARY KEY (`DATA_TYPE`)
) ENGINE=InnoDB DEFAULT CHARSET=utf8;

/*Data for the table `job012` */

insert  into `job012`(`DATA_TYPE`,`INSERT_EMP_NO`,`INSERT_DATE`,`UPDATE_EMP_NO`,`UPDATE_DATE`) values 
('','','0000-00-00 00:00:00',NULL,NULL);

/*Table structure for table `job013` */

DROP TABLE IF EXISTS `job013`;

CREATE TABLE `job013` (
  `KOS_CODE` enum('1','2','3') NOT NULL DEFAULT '1' COMMENT '종합주가코드',
  `KOS_NAME` enum('KOSPI','KOSDAQ','KOSPI200') NOT NULL DEFAULT 'KOSPI' COMMENT '종합지수명',
  `KOS_DATE` int(11) NOT NULL COMMENT '종합지수일자',
  `KOS_RATE` float NOT NULL COMMENT '종합지수값',
  `INSERT_EMP_NO` varchar(32) DEFAULT NULL COMMENT '최초등록자ID',
  `INSERT_DATE` datetime DEFAULT NULL COMMENT '최초등록일시',
  `UPDATE_EMP_NO` varchar(32) DEFAULT NULL COMMENT '최종수정자ID',
  `UPDATE_DATE` datetime DEFAULT NULL COMMENT '최종수정일시'
) ENGINE=InnoDB DEFAULT CHARSET=utf8;

/*Data for the table `job013` */

insert  into `job013`(`KOS_CODE`,`KOS_NAME`,`KOS_DATE`,`KOS_RATE`,`INSERT_EMP_NO`,`INSERT_DATE`,`UPDATE_EMP_NO`,`UPDATE_DATE`) values 
('1','KOSPI',1,2152.03,NULL,NULL,NULL,NULL),
('1','KOSPI',2,2153,NULL,NULL,NULL,NULL),
('1','KOSPI',3,2150,NULL,NULL,NULL,NULL),
('1','KOSPI',4,2157,NULL,NULL,NULL,NULL),
('1','KOSPI',5,2151,NULL,NULL,NULL,NULL),
('1','KOSPI',6,2150,NULL,NULL,NULL,NULL),
('1','KOSPI',7,2153,NULL,NULL,NULL,NULL),
('1','KOSPI',8,2130,NULL,NULL,NULL,NULL),
('1','KOSPI',9,2132,NULL,NULL,NULL,NULL),
('1','KOSPI',10,2140,NULL,NULL,NULL,NULL),
('1','KOSPI',11,2157,NULL,NULL,NULL,NULL),
('1','KOSPI',12,2151,NULL,NULL,NULL,NULL),
('1','KOSPI',13,2150,NULL,NULL,NULL,NULL),
('1','KOSPI',14,2153,NULL,NULL,NULL,NULL),
('1','KOSPI',15,2130,NULL,NULL,NULL,NULL),
('1','KOSPI',16,2132,NULL,NULL,NULL,NULL),
('1','KOSPI',17,2150,NULL,NULL,NULL,NULL),
('1','KOSPI',18,2157,NULL,NULL,NULL,NULL),
('1','KOSPI',19,2151,NULL,NULL,NULL,NULL),
('1','KOSPI',20,2150,NULL,NULL,NULL,NULL),
('1','KOSPI',21,2153,NULL,NULL,NULL,NULL),
('1','KOSPI',22,2130,NULL,NULL,NULL,NULL),
('1','KOSPI',23,2132,NULL,NULL,NULL,NULL),
('1','KOSPI',24,2140,NULL,NULL,NULL,NULL),
('1','KOSPI',25,2157,NULL,NULL,NULL,NULL),
('1','KOSPI',26,2151,NULL,NULL,NULL,NULL),
('1','KOSPI',27,2157,NULL,NULL,NULL,NULL),
('1','KOSPI',28,2151,NULL,NULL,NULL,NULL),
('1','KOSPI',29,2150,NULL,NULL,NULL,NULL),
('1','KOSPI',30,2153,NULL,NULL,NULL,NULL),
('1','KOSPI',31,2130,NULL,NULL,NULL,NULL),
('1','KOSPI',32,2132,NULL,NULL,NULL,NULL),
('1','KOSPI',33,2150,NULL,NULL,NULL,NULL),
('1','KOSPI',34,2157,NULL,NULL,NULL,NULL),
('1','KOSPI',35,2151,NULL,NULL,NULL,NULL),
('1','KOSPI',36,2132,NULL,NULL,NULL,NULL),
('1','KOSPI',37,2150,NULL,NULL,NULL,NULL),
('1','KOSPI',38,2157,NULL,NULL,NULL,NULL),
('1','KOSPI',39,2151,NULL,NULL,NULL,NULL),
('1','KOSPI',40,2150,NULL,NULL,NULL,NULL),
('1','KOSPI',41,2153,NULL,NULL,NULL,NULL),
('1','KOSPI',42,2130,NULL,NULL,NULL,NULL),
('1','KOSPI',43,2132,NULL,NULL,NULL,NULL),
('1','KOSPI',44,2140,NULL,NULL,NULL,NULL),
('1','KOSPI',45,2157,NULL,NULL,NULL,NULL),
('1','KOSPI',46,2151,NULL,NULL,NULL,NULL),
('1','KOSPI',47,2157,NULL,NULL,NULL,NULL),
('1','KOSPI',48,2151,NULL,NULL,NULL,NULL),
('1','KOSPI',49,2150,NULL,NULL,NULL,NULL),
('1','KOSPI',50,2153.98,NULL,NULL,NULL,NULL),
('2','KOSDAQ',1,630,NULL,NULL,NULL,NULL),
('2','KOSDAQ',2,631,NULL,NULL,NULL,NULL),
('2','KOSDAQ',3,629,NULL,NULL,NULL,NULL),
('2','KOSDAQ',4,620,NULL,NULL,NULL,NULL),
('2','KOSDAQ',5,618,NULL,NULL,NULL,NULL),
('2','KOSDAQ',6,615,NULL,NULL,NULL,NULL),
('2','KOSDAQ',7,619,NULL,NULL,NULL,NULL),
('2','KOSDAQ',8,599,NULL,NULL,NULL,NULL),
('2','KOSDAQ',9,580,NULL,NULL,NULL,NULL),
('2','KOSDAQ',10,590,NULL,NULL,NULL,NULL),
('2','KOSDAQ',11,592,NULL,NULL,NULL,NULL),
('2','KOSDAQ',12,600,NULL,NULL,NULL,NULL),
('2','KOSDAQ',13,610,NULL,NULL,NULL,NULL),
('2','KOSDAQ',14,608,NULL,NULL,NULL,NULL),
('2','KOSDAQ',15,610,NULL,NULL,NULL,NULL),
('2','KOSDAQ',16,615,NULL,NULL,NULL,NULL),
('2','KOSDAQ',17,620,NULL,NULL,NULL,NULL),
('2','KOSDAQ',18,625,NULL,NULL,NULL,NULL),
('2','KOSDAQ',19,628,NULL,NULL,NULL,NULL),
('2','KOSDAQ',20,630,NULL,NULL,NULL,NULL),
('2','KOSDAQ',21,632,NULL,NULL,NULL,NULL),
('2','KOSDAQ',22,635,NULL,NULL,NULL,NULL),
('2','KOSDAQ',23,640,NULL,NULL,NULL,NULL),
('2','KOSDAQ',24,610,NULL,NULL,NULL,NULL),
('2','KOSDAQ',25,620,NULL,NULL,NULL,NULL),
('2','KOSDAQ',26,618,NULL,NULL,NULL,NULL),
('2','KOSDAQ',27,615,NULL,NULL,NULL,NULL),
('2','KOSDAQ',28,619,NULL,NULL,NULL,NULL),
('2','KOSDAQ',29,599,NULL,NULL,NULL,NULL),
('2','KOSDAQ',30,580,NULL,NULL,NULL,NULL),
('2','KOSDAQ',31,590,NULL,NULL,NULL,NULL),
('2','KOSDAQ',32,592,NULL,NULL,NULL,NULL),
('2','KOSDAQ',33,600,NULL,NULL,NULL,NULL),
('2','KOSDAQ',34,610,NULL,NULL,NULL,NULL),
('2','KOSDAQ',35,608,NULL,NULL,NULL,NULL),
('2','KOSDAQ',36,620,NULL,NULL,NULL,NULL),
('2','KOSDAQ',37,618,NULL,NULL,NULL,NULL),
('2','KOSDAQ',38,615,NULL,NULL,NULL,NULL),
('2','KOSDAQ',39,619,NULL,NULL,NULL,NULL),
('2','KOSDAQ',40,599,NULL,NULL,NULL,NULL),
('2','KOSDAQ',41,580,NULL,NULL,NULL,NULL),
('2','KOSDAQ',42,590,NULL,NULL,NULL,NULL),
('2','KOSDAQ',43,592,NULL,NULL,NULL,NULL),
('2','KOSDAQ',44,600,NULL,NULL,NULL,NULL),
('2','KOSDAQ',45,610,NULL,NULL,NULL,NULL),
('2','KOSDAQ',46,608,NULL,NULL,NULL,NULL),
('2','KOSDAQ',47,610,NULL,NULL,NULL,NULL),
('2','KOSDAQ',48,615,NULL,NULL,NULL,NULL),
('2','KOSDAQ',49,620,NULL,NULL,NULL,NULL),
('2','KOSDAQ',50,625,NULL,NULL,NULL,NULL),
('3','KOSPI200',1,279,NULL,NULL,NULL,NULL),
('3','KOSPI200',2,280,NULL,NULL,NULL,NULL),
('3','KOSPI200',3,281,NULL,NULL,NULL,NULL),
('3','KOSPI200',4,283,NULL,NULL,NULL,NULL),
('3','KOSPI200',5,280,NULL,NULL,NULL,NULL),
('3','KOSPI200',6,285,NULL,NULL,NULL,NULL),
('3','KOSPI200',7,287,NULL,NULL,NULL,NULL),
('3','KOSPI200',8,288,NULL,NULL,NULL,NULL),
('3','KOSPI200',9,280,NULL,NULL,NULL,NULL),
('3','KOSPI200',10,276,NULL,NULL,NULL,NULL),
('3','KOSPI200',11,278,NULL,NULL,NULL,NULL),
('3','KOSPI200',12,281,NULL,NULL,NULL,NULL),
('3','KOSPI200',13,283,NULL,NULL,NULL,NULL),
('3','KOSPI200',14,290,NULL,NULL,NULL,NULL),
('3','KOSPI200',15,291,NULL,NULL,NULL,NULL),
('3','KOSPI200',16,295,NULL,NULL,NULL,NULL),
('3','KOSPI200',17,290,NULL,NULL,NULL,NULL),
('3','KOSPI200',18,288,NULL,NULL,NULL,NULL),
('3','KOSPI200',19,286,NULL,NULL,NULL,NULL),
('3','KOSPI200',20,290,NULL,NULL,NULL,NULL),
('3','KOSPI200',21,294,NULL,NULL,NULL,NULL),
('3','KOSPI200',22,289,NULL,NULL,NULL,NULL),
('3','KOSPI200',23,287,NULL,NULL,NULL,NULL),
('3','KOSPI200',24,280,NULL,NULL,NULL,NULL),
('3','KOSPI200',25,285,NULL,NULL,NULL,NULL),
('3','KOSPI200',26,287,NULL,NULL,NULL,NULL),
('3','KOSPI200',27,288,NULL,NULL,NULL,NULL),
('3','KOSPI200',28,280,NULL,NULL,NULL,NULL),
('3','KOSPI200',29,276,NULL,NULL,NULL,NULL),
('3','KOSPI200',30,278,NULL,NULL,NULL,NULL),
('3','KOSPI200',31,281,NULL,NULL,NULL,NULL),
('3','KOSPI200',32,283,NULL,NULL,NULL,NULL),
('3','KOSPI200',33,290,NULL,NULL,NULL,NULL),
('3','KOSPI200',34,291,NULL,NULL,NULL,NULL),
('3','KOSPI200',35,295,NULL,NULL,NULL,NULL),
('3','KOSPI200',36,290,NULL,NULL,NULL,NULL),
('3','KOSPI200',37,288,NULL,NULL,NULL,NULL),
('3','KOSPI200',38,286,NULL,NULL,NULL,NULL),
('3','KOSPI200',39,281,NULL,NULL,NULL,NULL),
('3','KOSPI200',40,283,NULL,NULL,NULL,NULL),
('3','KOSPI200',41,290,NULL,NULL,NULL,NULL),
('3','KOSPI200',42,291,NULL,NULL,NULL,NULL),
('3','KOSPI200',43,295,NULL,NULL,NULL,NULL),
('3','KOSPI200',44,290,NULL,NULL,NULL,NULL),
('3','KOSPI200',45,290,NULL,NULL,NULL,NULL),
('3','KOSPI200',46,291,NULL,NULL,NULL,NULL),
('3','KOSPI200',47,295,NULL,NULL,NULL,NULL),
('3','KOSPI200',48,290,NULL,NULL,NULL,NULL),
('3','KOSPI200',49,290,NULL,NULL,NULL,NULL),
('3','KOSPI200',50,291,NULL,NULL,NULL,NULL);

/*Table structure for table `job014` */

DROP TABLE IF EXISTS `job014`;

CREATE TABLE `job014` (
  `SECT_KEY` int(11) NOT NULL COMMENT '업종KEY',
  `SECT_CODE` varchar(2) DEFAULT NULL COMMENT '업종코드',
  `SECT_NAME` varchar(32) DEFAULT NULL COMMENT '업종명',
  `COMP_CODE` varchar(8) DEFAULT NULL COMMENT '종목코드',
  `COMP_NAME` varchar(32) DEFAULT NULL COMMENT '종목명',
  `INSERT_EMP_NO` varchar(32) DEFAULT NULL COMMENT '최초등록자ID',
  `INSERT_DATE` datetime DEFAULT NULL COMMENT '최초등록일시',
  `UPDATE_EMP_NO` varchar(32) DEFAULT NULL COMMENT '최종수정자ID',
  `UPDATE_DATE` datetime DEFAULT NULL COMMENT '최종수정일시',
  PRIMARY KEY (`SECT_KEY`)
) ENGINE=InnoDB DEFAULT CHARSET=utf8;

/*Data for the table `job014` */

insert  into `job014`(`SECT_KEY`,`SECT_CODE`,`SECT_NAME`,`COMP_CODE`,`COMP_NAME`,`INSERT_EMP_NO`,`INSERT_DATE`,`UPDATE_EMP_NO`,`UPDATE_DATE`) values 
(1,'01','제약','009290','광동제약',NULL,NULL,NULL,NULL),
(2,'01','제약','249420','일동제약',NULL,NULL,NULL,NULL),
(3,'02','석유화학','011170','롯데케미칼',NULL,NULL,NULL,NULL),
(4,'02','석유화학','009830','한화케미칼',NULL,NULL,NULL,NULL),
(5,'03','식품/유통','007310','오뚜기',NULL,NULL,NULL,NULL),
(6,'03','식품/유통','028260','삼성물산',NULL,NULL,NULL,NULL),
(7,'04','건설/조선','000720','현대건설',NULL,NULL,NULL,NULL),
(8,'04','건설/조선','042660','대우조선해양',NULL,NULL,NULL,NULL),
(9,'05','자동차/항공','005380','현대차',NULL,NULL,NULL,NULL),
(10,'05','자동차/항공','003490','대한항공',NULL,NULL,NULL,NULL),
(11,'06','IT/전자','035720','카카오',NULL,NULL,NULL,NULL),
(12,'06','IT/전자','005930','삼성전자',NULL,NULL,NULL,NULL);

/*Table structure for table `job015` */

DROP TABLE IF EXISTS `job015`;

CREATE TABLE `job015` (
  `COMP_KEY` int(10) unsigned NOT NULL AUTO_INCREMENT COMMENT '종목KEY',
  `SECT_KEY` int(10) unsigned NOT NULL COMMENT '업종KEY',
  `COMP_CODE` varchar(8) DEFAULT NULL COMMENT '종목코드',
  `COMP_NAME` varchar(32) DEFAULT NULL COMMENT '종목명',
  `COMP_PRICE` int(11) DEFAULT NULL COMMENT '현재가격',
  `COMP_DATE` int(11) DEFAULT NULL COMMENT '날짜정보_일별',
  `INSERT_EMP_NO` varchar(32) DEFAULT NULL COMMENT '최초등록자ID',
  `INSERT_DATE` datetime DEFAULT NULL COMMENT '최초등록일시',
  `UPDATE_EMP_NO` varchar(32) DEFAULT NULL COMMENT '최종수정자ID',
  `UPDATE_DATE` datetime DEFAULT NULL COMMENT '최종수정일시',
  PRIMARY KEY (`COMP_KEY`)
) ENGINE=InnoDB AUTO_INCREMENT=601 DEFAULT CHARSET=utf8;

/*Data for the table `job015` */

insert  into `job015`(`COMP_KEY`,`SECT_KEY`,`COMP_CODE`,`COMP_NAME`,`COMP_PRICE`,`COMP_DATE`,`INSERT_EMP_NO`,`INSERT_DATE`,`UPDATE_EMP_NO`,`UPDATE_DATE`) values 
(1,1,'009290','광동제약',19000,1,NULL,NULL,NULL,NULL),
(2,1,'009290','광동제약',18000,2,NULL,NULL,NULL,NULL),
(3,1,'009290','광동제약',17000,3,NULL,NULL,NULL,NULL),
(4,1,'009290','광동제약',16000,4,NULL,NULL,NULL,NULL),
(5,1,'009290','광동제약',18000,5,NULL,NULL,NULL,NULL),
(6,1,'009290','광동제약',19000,6,NULL,NULL,NULL,NULL),
(7,1,'009290','광동제약',20000,7,NULL,NULL,NULL,NULL),
(8,1,'009290','광동제약',19000,8,NULL,NULL,NULL,NULL),
(9,1,'009290','광동제약',22000,9,NULL,NULL,NULL,NULL),
(10,1,'009290','광동제약',25000,10,NULL,NULL,NULL,NULL),
(11,1,'009290','광동제약',20000,11,NULL,NULL,NULL,NULL),
(12,1,'009290','광동제약',18000,12,NULL,NULL,NULL,NULL),
(13,1,'009290','광동제약',19000,13,NULL,NULL,NULL,NULL),
(14,1,'009290','광동제약',20000,14,NULL,NULL,NULL,NULL),
(15,1,'009290','광동제약',19000,15,NULL,NULL,NULL,NULL),
(16,1,'009290','광동제약',22000,16,NULL,NULL,NULL,NULL),
(17,1,'009290','광동제약',25000,17,NULL,NULL,NULL,NULL),
(18,1,'009290','광동제약',22000,18,NULL,NULL,NULL,NULL),
(19,1,'009290','광동제약',25000,19,NULL,NULL,NULL,NULL),
(20,1,'009290','광동제약',20000,20,NULL,NULL,NULL,NULL),
(21,1,'009290','광동제약',18000,21,NULL,NULL,NULL,NULL),
(22,1,'009290','광동제약',19000,22,NULL,NULL,NULL,NULL),
(23,1,'009290','광동제약',20000,23,NULL,NULL,NULL,NULL),
(24,1,'009290','광동제약',19000,24,NULL,NULL,NULL,NULL),
(25,1,'009290','광동제약',22000,25,NULL,NULL,NULL,NULL),
(26,1,'009290','광동제약',25000,26,NULL,NULL,NULL,NULL),
(27,1,'009290','광동제약',16000,27,NULL,NULL,NULL,NULL),
(28,1,'009290','광동제약',18000,28,NULL,NULL,NULL,NULL),
(29,1,'009290','광동제약',19000,29,NULL,NULL,NULL,NULL),
(30,1,'009290','광동제약',20000,30,NULL,NULL,NULL,NULL),
(31,1,'009290','광동제약',19000,31,NULL,NULL,NULL,NULL),
(32,1,'009290','광동제약',22000,32,NULL,NULL,NULL,NULL),
(33,1,'009290','광동제약',25000,33,NULL,NULL,NULL,NULL),
(34,1,'009290','광동제약',20000,34,NULL,NULL,NULL,NULL),
(35,1,'009290','광동제약',18000,35,NULL,NULL,NULL,NULL),
(36,1,'009290','광동제약',19000,36,NULL,NULL,NULL,NULL),
(37,1,'009290','광동제약',25000,37,NULL,NULL,NULL,NULL),
(38,1,'009290','광동제약',22000,38,NULL,NULL,NULL,NULL),
(39,1,'009290','광동제약',25000,39,NULL,NULL,NULL,NULL),
(40,1,'009290','광동제약',20000,40,NULL,NULL,NULL,NULL),
(41,1,'009290','광동제약',18000,41,NULL,NULL,NULL,NULL),
(42,1,'009290','광동제약',19000,42,NULL,NULL,NULL,NULL),
(43,1,'009290','광동제약',20000,43,NULL,NULL,NULL,NULL),
(44,1,'009290','광동제약',19000,44,NULL,NULL,NULL,NULL),
(45,1,'009290','광동제약',22000,45,NULL,NULL,NULL,NULL),
(46,1,'009290','광동제약',19000,46,NULL,NULL,NULL,NULL),
(47,1,'009290','광동제약',20000,47,NULL,NULL,NULL,NULL),
(48,1,'009290','광동제약',19000,48,NULL,NULL,NULL,NULL),
(49,1,'009290','광동제약',22000,49,NULL,NULL,NULL,NULL),
(50,1,'009290','광동제약',25000,50,NULL,NULL,NULL,NULL),
(51,2,'249420','일동제약',24000,1,NULL,NULL,NULL,NULL),
(52,2,'249420','일동제약',25000,2,NULL,NULL,NULL,NULL),
(53,2,'249420','일동제약',26000,3,NULL,NULL,NULL,NULL),
(54,2,'249420','일동제약',24000,4,NULL,NULL,NULL,NULL),
(55,2,'249420','일동제약',25000,5,NULL,NULL,NULL,NULL),
(56,2,'249420','일동제약',26000,6,NULL,NULL,NULL,NULL),
(57,2,'249420','일동제약',24000,7,NULL,NULL,NULL,NULL),
(58,2,'249420','일동제약',25000,8,NULL,NULL,NULL,NULL),
(59,2,'249420','일동제약',26000,9,NULL,NULL,NULL,NULL),
(60,2,'249420','일동제약',24000,10,NULL,NULL,NULL,NULL),
(61,2,'249420','일동제약',25000,11,NULL,NULL,NULL,NULL),
(62,2,'249420','일동제약',24000,12,NULL,NULL,NULL,NULL),
(63,2,'249420','일동제약',25000,13,NULL,NULL,NULL,NULL),
(64,2,'249420','일동제약',26000,14,NULL,NULL,NULL,NULL),
(65,2,'249420','일동제약',24000,15,NULL,NULL,NULL,NULL),
(66,2,'249420','일동제약',25000,16,NULL,NULL,NULL,NULL),
(67,2,'249420','일동제약',26000,17,NULL,NULL,NULL,NULL),
(68,2,'249420','일동제약',26000,18,NULL,NULL,NULL,NULL),
(69,2,'249420','일동제약',24000,19,NULL,NULL,NULL,NULL),
(70,2,'249420','일동제약',25000,20,NULL,NULL,NULL,NULL),
(71,2,'249420','일동제약',24000,21,NULL,NULL,NULL,NULL),
(72,2,'249420','일동제약',25000,22,NULL,NULL,NULL,NULL),
(73,2,'249420','일동제약',26000,23,NULL,NULL,NULL,NULL),
(74,2,'249420','일동제약',24000,24,NULL,NULL,NULL,NULL),
(75,2,'249420','일동제약',25000,25,NULL,NULL,NULL,NULL),
(76,2,'249420','일동제약',26000,26,NULL,NULL,NULL,NULL),
(77,2,'249420','일동제약',24000,27,NULL,NULL,NULL,NULL),
(78,2,'249420','일동제약',25000,28,NULL,NULL,NULL,NULL),
(79,2,'249420','일동제약',24000,29,NULL,NULL,NULL,NULL),
(80,2,'249420','일동제약',25000,30,NULL,NULL,NULL,NULL),
(81,2,'249420','일동제약',26000,31,NULL,NULL,NULL,NULL),
(82,2,'249420','일동제약',24000,32,NULL,NULL,NULL,NULL),
(83,2,'249420','일동제약',25000,33,NULL,NULL,NULL,NULL),
(84,2,'249420','일동제약',26000,34,NULL,NULL,NULL,NULL),
(85,2,'249420','일동제약',24000,35,NULL,NULL,NULL,NULL),
(86,2,'249420','일동제약',25000,36,NULL,NULL,NULL,NULL),
(87,2,'249420','일동제약',24000,37,NULL,NULL,NULL,NULL),
(88,2,'249420','일동제약',25000,38,NULL,NULL,NULL,NULL),
(89,2,'249420','일동제약',26000,39,NULL,NULL,NULL,NULL),
(90,2,'249420','일동제약',24000,40,NULL,NULL,NULL,NULL),
(91,2,'249420','일동제약',25000,41,NULL,NULL,NULL,NULL),
(92,2,'249420','일동제약',24000,42,NULL,NULL,NULL,NULL),
(93,2,'249420','일동제약',25000,43,NULL,NULL,NULL,NULL),
(94,2,'249420','일동제약',24000,44,NULL,NULL,NULL,NULL),
(95,2,'249420','일동제약',25000,45,NULL,NULL,NULL,NULL),
(96,2,'249420','일동제약',26000,46,NULL,NULL,NULL,NULL),
(97,2,'249420','일동제약',24000,47,NULL,NULL,NULL,NULL),
(98,2,'249420','일동제약',25000,48,NULL,NULL,NULL,NULL),
(99,2,'249420','일동제약',26000,49,NULL,NULL,NULL,NULL),
(100,2,'249420','일동제약',26000,50,NULL,NULL,NULL,NULL),
(101,3,'011170','롯데케미칼',369000,1,NULL,NULL,NULL,NULL),
(102,3,'011170','롯데케미칼',370000,2,NULL,NULL,NULL,NULL),
(103,3,'011170','롯데케미칼',369000,3,NULL,NULL,NULL,NULL),
(104,3,'011170','롯데케미칼',375000,4,NULL,NULL,NULL,NULL),
(105,3,'011170','롯데케미칼',369000,5,NULL,NULL,NULL,NULL),
(106,3,'011170','롯데케미칼',370000,6,NULL,NULL,NULL,NULL),
(107,3,'011170','롯데케미칼',369000,7,NULL,NULL,NULL,NULL),
(108,3,'011170','롯데케미칼',375000,8,NULL,NULL,NULL,NULL),
(109,3,'011170','롯데케미칼',369000,9,NULL,NULL,NULL,NULL),
(110,3,'011170','롯데케미칼',370000,10,NULL,NULL,NULL,NULL),
(111,3,'011170','롯데케미칼',369000,11,NULL,NULL,NULL,NULL),
(112,3,'011170','롯데케미칼',375000,12,NULL,NULL,NULL,NULL),
(113,3,'011170','롯데케미칼',370000,13,NULL,NULL,NULL,NULL),
(114,3,'011170','롯데케미칼',369000,14,NULL,NULL,NULL,NULL),
(115,3,'011170','롯데케미칼',375000,15,NULL,NULL,NULL,NULL),
(116,3,'011170','롯데케미칼',369000,16,NULL,NULL,NULL,NULL),
(117,3,'011170','롯데케미칼',370000,17,NULL,NULL,NULL,NULL),
(118,3,'011170','롯데케미칼',369000,18,NULL,NULL,NULL,NULL),
(119,3,'011170','롯데케미칼',375000,19,NULL,NULL,NULL,NULL),
(120,3,'011170','롯데케미칼',369000,20,NULL,NULL,NULL,NULL),
(121,3,'011170','롯데케미칼',370000,21,NULL,NULL,NULL,NULL),
(122,3,'011170','롯데케미칼',369000,22,NULL,NULL,NULL,NULL),
(123,3,'011170','롯데케미칼',370000,23,NULL,NULL,NULL,NULL),
(124,3,'011170','롯데케미칼',369000,24,NULL,NULL,NULL,NULL),
(125,3,'011170','롯데케미칼',375000,25,NULL,NULL,NULL,NULL),
(126,3,'011170','롯데케미칼',369000,26,NULL,NULL,NULL,NULL),
(127,3,'011170','롯데케미칼',370000,27,NULL,NULL,NULL,NULL),
(128,3,'011170','롯데케미칼',369000,28,NULL,NULL,NULL,NULL),
(129,3,'011170','롯데케미칼',375000,29,NULL,NULL,NULL,NULL),
(130,3,'011170','롯데케미칼',369000,30,NULL,NULL,NULL,NULL),
(131,3,'011170','롯데케미칼',370000,31,NULL,NULL,NULL,NULL),
(132,3,'011170','롯데케미칼',369000,32,NULL,NULL,NULL,NULL),
(133,3,'011170','롯데케미칼',375000,33,NULL,NULL,NULL,NULL),
(134,3,'011170','롯데케미칼',369000,34,NULL,NULL,NULL,NULL),
(135,3,'011170','롯데케미칼',370000,35,NULL,NULL,NULL,NULL),
(136,3,'011170','롯데케미칼',369000,36,NULL,NULL,NULL,NULL),
(137,3,'011170','롯데케미칼',370000,37,NULL,NULL,NULL,NULL),
(138,3,'011170','롯데케미칼',369000,38,NULL,NULL,NULL,NULL),
(139,3,'011170','롯데케미칼',375000,39,NULL,NULL,NULL,NULL),
(140,3,'011170','롯데케미칼',369000,40,NULL,NULL,NULL,NULL),
(141,3,'011170','롯데케미칼',370000,41,NULL,NULL,NULL,NULL),
(142,3,'011170','롯데케미칼',369000,42,NULL,NULL,NULL,NULL),
(143,3,'011170','롯데케미칼',375000,43,NULL,NULL,NULL,NULL),
(144,3,'011170','롯데케미칼',369000,44,NULL,NULL,NULL,NULL),
(145,3,'011170','롯데케미칼',370000,45,NULL,NULL,NULL,NULL),
(146,3,'011170','롯데케미칼',370000,46,NULL,NULL,NULL,NULL),
(147,3,'011170','롯데케미칼',369000,47,NULL,NULL,NULL,NULL),
(148,3,'011170','롯데케미칼',375000,48,NULL,NULL,NULL,NULL),
(149,3,'011170','롯데케미칼',369000,49,NULL,NULL,NULL,NULL),
(150,3,'011170','롯데케미칼',375000,50,NULL,NULL,NULL,NULL),
(151,4,'009830','한화케미칼',26000,1,NULL,NULL,NULL,NULL),
(152,4,'009830','한화케미칼',27000,2,NULL,NULL,NULL,NULL),
(153,4,'009830','한화케미칼',26000,3,NULL,NULL,NULL,NULL),
(154,4,'009830','한화케미칼',30000,4,NULL,NULL,NULL,NULL),
(155,4,'009830','한화케미칼',26000,5,NULL,NULL,NULL,NULL),
(156,4,'009830','한화케미칼',28000,6,NULL,NULL,NULL,NULL),
(157,4,'009830','한화케미칼',30000,7,NULL,NULL,NULL,NULL),
(158,4,'009830','한화케미칼',32000,8,NULL,NULL,NULL,NULL),
(159,4,'009830','한화케미칼',26000,9,NULL,NULL,NULL,NULL),
(160,4,'009830','한화케미칼',27000,10,NULL,NULL,NULL,NULL),
(161,4,'009830','한화케미칼',26000,11,NULL,NULL,NULL,NULL),
(162,4,'009830','한화케미칼',30000,12,NULL,NULL,NULL,NULL),
(163,4,'009830','한화케미칼',26000,13,NULL,NULL,NULL,NULL),
(164,4,'009830','한화케미칼',28000,14,NULL,NULL,NULL,NULL),
(165,4,'009830','한화케미칼',32000,15,NULL,NULL,NULL,NULL),
(166,4,'009830','한화케미칼',26000,16,NULL,NULL,NULL,NULL),
(167,4,'009830','한화케미칼',27000,17,NULL,NULL,NULL,NULL),
(168,4,'009830','한화케미칼',26000,18,NULL,NULL,NULL,NULL),
(169,4,'009830','한화케미칼',30000,19,NULL,NULL,NULL,NULL),
(170,4,'009830','한화케미칼',26000,20,NULL,NULL,NULL,NULL),
(171,4,'009830','한화케미칼',28000,21,NULL,NULL,NULL,NULL),
(172,4,'009830','한화케미칼',35000,22,NULL,NULL,NULL,NULL),
(173,4,'009830','한화케미칼',35000,23,NULL,NULL,NULL,NULL),
(174,4,'009830','한화케미칼',32000,24,NULL,NULL,NULL,NULL),
(175,4,'009830','한화케미칼',26000,25,NULL,NULL,NULL,NULL),
(176,4,'009830','한화케미칼',27000,26,NULL,NULL,NULL,NULL),
(177,4,'009830','한화케미칼',26000,27,NULL,NULL,NULL,NULL),
(178,4,'009830','한화케미칼',30000,28,NULL,NULL,NULL,NULL),
(179,4,'009830','한화케미칼',26000,29,NULL,NULL,NULL,NULL),
(180,4,'009830','한화케미칼',28000,30,NULL,NULL,NULL,NULL),
(181,4,'009830','한화케미칼',32000,31,NULL,NULL,NULL,NULL),
(182,4,'009830','한화케미칼',26000,32,NULL,NULL,NULL,NULL),
(183,4,'009830','한화케미칼',27000,33,NULL,NULL,NULL,NULL),
(184,4,'009830','한화케미칼',26000,34,NULL,NULL,NULL,NULL),
(185,4,'009830','한화케미칼',30000,35,NULL,NULL,NULL,NULL),
(186,4,'009830','한화케미칼',26000,36,NULL,NULL,NULL,NULL),
(187,4,'009830','한화케미칼',35000,37,NULL,NULL,NULL,NULL),
(188,4,'009830','한화케미칼',26000,38,NULL,NULL,NULL,NULL),
(189,4,'009830','한화케미칼',27000,39,NULL,NULL,NULL,NULL),
(190,4,'009830','한화케미칼',26000,40,NULL,NULL,NULL,NULL),
(191,4,'009830','한화케미칼',30000,41,NULL,NULL,NULL,NULL),
(192,4,'009830','한화케미칼',26000,42,NULL,NULL,NULL,NULL),
(193,4,'009830','한화케미칼',28000,43,NULL,NULL,NULL,NULL),
(194,4,'009830','한화케미칼',32000,44,NULL,NULL,NULL,NULL),
(195,4,'009830','한화케미칼',26000,45,NULL,NULL,NULL,NULL),
(196,4,'009830','한화케미칼',30000,46,NULL,NULL,NULL,NULL),
(197,4,'009830','한화케미칼',26000,47,NULL,NULL,NULL,NULL),
(198,4,'009830','한화케미칼',35000,48,NULL,NULL,NULL,NULL),
(199,4,'009830','한화케미칼',30000,49,NULL,NULL,NULL,NULL),
(200,4,'009830','한화케미칼',35000,50,NULL,NULL,NULL,NULL),
(201,5,'007310','오뚜기',76000,1,NULL,NULL,NULL,NULL),
(202,5,'007310','오뚜기',77000,2,NULL,NULL,NULL,NULL),
(203,5,'007310','오뚜기',77000,3,NULL,NULL,NULL,NULL),
(204,5,'007310','오뚜기',76000,4,NULL,NULL,NULL,NULL),
(205,5,'007310','오뚜기',77000,5,NULL,NULL,NULL,NULL),
(206,5,'007310','오뚜기',78000,6,NULL,NULL,NULL,NULL),
(207,5,'007310','오뚜기',79000,7,NULL,NULL,NULL,NULL),
(208,5,'007310','오뚜기',80000,8,NULL,NULL,NULL,NULL),
(209,5,'007310','오뚜기',79000,9,NULL,NULL,NULL,NULL),
(210,5,'007310','오뚜기',80000,10,NULL,NULL,NULL,NULL),
(211,5,'007310','오뚜기',82000,11,NULL,NULL,NULL,NULL),
(212,5,'007310','오뚜기',77000,12,NULL,NULL,NULL,NULL),
(213,5,'007310','오뚜기',76000,13,NULL,NULL,NULL,NULL),
(214,5,'007310','오뚜기',77000,14,NULL,NULL,NULL,NULL),
(215,5,'007310','오뚜기',77000,15,NULL,NULL,NULL,NULL),
(216,5,'007310','오뚜기',76000,16,NULL,NULL,NULL,NULL),
(217,5,'007310','오뚜기',77000,17,NULL,NULL,NULL,NULL),
(218,5,'007310','오뚜기',78000,18,NULL,NULL,NULL,NULL),
(219,5,'007310','오뚜기',77000,19,NULL,NULL,NULL,NULL),
(220,5,'007310','오뚜기',76000,20,NULL,NULL,NULL,NULL),
(221,5,'007310','오뚜기',77000,21,NULL,NULL,NULL,NULL),
(222,5,'007310','오뚜기',77000,22,NULL,NULL,NULL,NULL),
(223,5,'007310','오뚜기',76000,23,NULL,NULL,NULL,NULL),
(224,5,'007310','오뚜기',77000,24,NULL,NULL,NULL,NULL),
(225,5,'007310','오뚜기',78000,25,NULL,NULL,NULL,NULL),
(226,5,'007310','오뚜기',79000,26,NULL,NULL,NULL,NULL),
(227,5,'007310','오뚜기',80000,27,NULL,NULL,NULL,NULL),
(228,5,'007310','오뚜기',79000,28,NULL,NULL,NULL,NULL),
(229,5,'007310','오뚜기',80000,29,NULL,NULL,NULL,NULL),
(230,5,'007310','오뚜기',77000,30,NULL,NULL,NULL,NULL),
(231,5,'007310','오뚜기',76000,31,NULL,NULL,NULL,NULL),
(232,5,'007310','오뚜기',77000,32,NULL,NULL,NULL,NULL),
(233,5,'007310','오뚜기',77000,33,NULL,NULL,NULL,NULL),
(234,5,'007310','오뚜기',76000,34,NULL,NULL,NULL,NULL),
(235,5,'007310','오뚜기',77000,35,NULL,NULL,NULL,NULL),
(236,5,'007310','오뚜기',78000,36,NULL,NULL,NULL,NULL),
(237,5,'007310','오뚜기',79000,37,NULL,NULL,NULL,NULL),
(238,5,'007310','오뚜기',80000,38,NULL,NULL,NULL,NULL),
(239,5,'007310','오뚜기',79000,39,NULL,NULL,NULL,NULL),
(240,5,'007310','오뚜기',80000,40,NULL,NULL,NULL,NULL),
(241,5,'007310','오뚜기',82000,41,NULL,NULL,NULL,NULL),
(242,5,'007310','오뚜기',76000,42,NULL,NULL,NULL,NULL),
(243,5,'007310','오뚜기',77000,43,NULL,NULL,NULL,NULL),
(244,5,'007310','오뚜기',78000,44,NULL,NULL,NULL,NULL),
(245,5,'007310','오뚜기',79000,45,NULL,NULL,NULL,NULL),
(246,5,'007310','오뚜기',80000,46,NULL,NULL,NULL,NULL),
(247,5,'007310','오뚜기',79000,47,NULL,NULL,NULL,NULL),
(248,5,'007310','오뚜기',80000,48,NULL,NULL,NULL,NULL),
(249,5,'007310','오뚜기',77000,49,NULL,NULL,NULL,NULL),
(250,5,'007310','오뚜기',79000,50,NULL,NULL,NULL,NULL),
(251,6,'028260','삼성물산',126000,1,NULL,NULL,NULL,NULL),
(252,6,'028260','삼성물산',125000,2,NULL,NULL,NULL,NULL),
(253,6,'028260','삼성물산',124000,3,NULL,NULL,NULL,NULL),
(254,6,'028260','삼성물산',123000,4,NULL,NULL,NULL,NULL),
(255,6,'028260','삼성물산',125000,5,NULL,NULL,NULL,NULL),
(256,6,'028260','삼성물산',126000,6,NULL,NULL,NULL,NULL),
(257,6,'028260','삼성물산',127000,7,NULL,NULL,NULL,NULL),
(258,6,'028260','삼성물산',128000,8,NULL,NULL,NULL,NULL),
(259,6,'028260','삼성물산',129000,9,NULL,NULL,NULL,NULL),
(260,6,'028260','삼성물산',130000,10,NULL,NULL,NULL,NULL),
(261,6,'028260','삼성물산',132000,11,NULL,NULL,NULL,NULL),
(262,6,'028260','삼성물산',129000,12,NULL,NULL,NULL,NULL),
(263,6,'028260','삼성물산',132000,13,NULL,NULL,NULL,NULL),
(264,6,'028260','삼성물산',136000,14,NULL,NULL,NULL,NULL),
(265,6,'028260','삼성물산',123000,15,NULL,NULL,NULL,NULL),
(266,6,'028260','삼성물산',125000,16,NULL,NULL,NULL,NULL),
(267,6,'028260','삼성물산',126000,17,NULL,NULL,NULL,NULL),
(268,6,'028260','삼성물산',127000,18,NULL,NULL,NULL,NULL),
(269,6,'028260','삼성물산',128000,19,NULL,NULL,NULL,NULL),
(270,6,'028260','삼성물산',129000,20,NULL,NULL,NULL,NULL),
(271,6,'028260','삼성물산',130000,21,NULL,NULL,NULL,NULL),
(272,6,'028260','삼성물산',132000,22,NULL,NULL,NULL,NULL),
(273,6,'028260','삼성물산',129000,23,NULL,NULL,NULL,NULL),
(274,6,'028260','삼성물산',132000,24,NULL,NULL,NULL,NULL),
(275,6,'028260','삼성물산',132000,25,NULL,NULL,NULL,NULL),
(276,6,'028260','삼성물산',129000,26,NULL,NULL,NULL,NULL),
(277,6,'028260','삼성물산',132000,27,NULL,NULL,NULL,NULL),
(278,6,'028260','삼성물산',136000,28,NULL,NULL,NULL,NULL),
(279,6,'028260','삼성물산',125000,29,NULL,NULL,NULL,NULL),
(280,6,'028260','삼성물산',126000,30,NULL,NULL,NULL,NULL),
(281,6,'028260','삼성물산',127000,31,NULL,NULL,NULL,NULL),
(282,6,'028260','삼성물산',128000,32,NULL,NULL,NULL,NULL),
(283,6,'028260','삼성물산',129000,33,NULL,NULL,NULL,NULL),
(284,6,'028260','삼성물산',130000,34,NULL,NULL,NULL,NULL),
(285,6,'028260','삼성물산',132000,35,NULL,NULL,NULL,NULL),
(286,6,'028260','삼성물산',129000,36,NULL,NULL,NULL,NULL),
(287,6,'028260','삼성물산',128000,37,NULL,NULL,NULL,NULL),
(288,6,'028260','삼성물산',129000,38,NULL,NULL,NULL,NULL),
(289,6,'028260','삼성물산',130000,39,NULL,NULL,NULL,NULL),
(290,6,'028260','삼성물산',132000,40,NULL,NULL,NULL,NULL),
(291,6,'028260','삼성물산',129000,41,NULL,NULL,NULL,NULL),
(292,6,'028260','삼성물산',132000,42,NULL,NULL,NULL,NULL),
(293,6,'028260','삼성물산',132000,43,NULL,NULL,NULL,NULL),
(294,6,'028260','삼성물산',129000,44,NULL,NULL,NULL,NULL),
(295,6,'028260','삼성물산',132000,45,NULL,NULL,NULL,NULL),
(296,6,'028260','삼성물산',132000,46,NULL,NULL,NULL,NULL),
(297,6,'028260','삼성물산',129000,47,NULL,NULL,NULL,NULL),
(298,6,'028260','삼성물산',132000,48,NULL,NULL,NULL,NULL),
(299,6,'028260','삼성물산',136000,49,NULL,NULL,NULL,NULL),
(300,6,'028260','삼성물산',136000,50,NULL,NULL,NULL,NULL),
(301,7,'000720','현대건설',49000,1,NULL,NULL,NULL,NULL),
(302,7,'000720','현대건설',46000,2,NULL,NULL,NULL,NULL),
(303,7,'000720','현대건설',47000,3,NULL,NULL,NULL,NULL),
(304,7,'000720','현대건설',49000,4,NULL,NULL,NULL,NULL),
(305,7,'000720','현대건설',50000,5,NULL,NULL,NULL,NULL),
(306,7,'000720','현대건설',51000,6,NULL,NULL,NULL,NULL),
(307,7,'000720','현대건설',50000,7,NULL,NULL,NULL,NULL),
(308,7,'000720','현대건설',46000,8,NULL,NULL,NULL,NULL),
(309,7,'000720','현대건설',47000,9,NULL,NULL,NULL,NULL),
(310,7,'000720','현대건설',49000,10,NULL,NULL,NULL,NULL),
(311,7,'000720','현대건설',50000,11,NULL,NULL,NULL,NULL),
(312,7,'000720','현대건설',51000,12,NULL,NULL,NULL,NULL),
(313,7,'000720','현대건설',46000,13,NULL,NULL,NULL,NULL),
(314,7,'000720','현대건설',47000,14,NULL,NULL,NULL,NULL),
(315,7,'000720','현대건설',49000,15,NULL,NULL,NULL,NULL),
(316,7,'000720','현대건설',50000,16,NULL,NULL,NULL,NULL),
(317,7,'000720','현대건설',51000,17,NULL,NULL,NULL,NULL),
(318,7,'000720','현대건설',50000,18,NULL,NULL,NULL,NULL),
(319,7,'000720','현대건설',49000,19,NULL,NULL,NULL,NULL),
(320,7,'000720','현대건설',49000,20,NULL,NULL,NULL,NULL),
(321,7,'000720','현대건설',50000,21,NULL,NULL,NULL,NULL),
(322,7,'000720','현대건설',51000,22,NULL,NULL,NULL,NULL),
(323,7,'000720','현대건설',46000,23,NULL,NULL,NULL,NULL),
(324,7,'000720','현대건설',47000,24,NULL,NULL,NULL,NULL),
(325,7,'000720','현대건설',49000,25,NULL,NULL,NULL,NULL),
(326,7,'000720','현대건설',50000,26,NULL,NULL,NULL,NULL),
(327,7,'000720','현대건설',51000,27,NULL,NULL,NULL,NULL),
(328,7,'000720','현대건설',50000,28,NULL,NULL,NULL,NULL),
(329,7,'000720','현대건설',47000,29,NULL,NULL,NULL,NULL),
(330,7,'000720','현대건설',49000,30,NULL,NULL,NULL,NULL),
(331,7,'000720','현대건설',50000,31,NULL,NULL,NULL,NULL),
(332,7,'000720','현대건설',51000,32,NULL,NULL,NULL,NULL),
(333,7,'000720','현대건설',50000,33,NULL,NULL,NULL,NULL),
(334,7,'000720','현대건설',49000,34,NULL,NULL,NULL,NULL),
(335,7,'000720','현대건설',49000,35,NULL,NULL,NULL,NULL),
(336,7,'000720','현대건설',46000,36,NULL,NULL,NULL,NULL),
(337,7,'000720','현대건설',47000,37,NULL,NULL,NULL,NULL),
(338,7,'000720','현대건설',49000,38,NULL,NULL,NULL,NULL),
(339,7,'000720','현대건설',50000,39,NULL,NULL,NULL,NULL),
(340,7,'000720','현대건설',51000,40,NULL,NULL,NULL,NULL),
(341,7,'000720','현대건설',50000,41,NULL,NULL,NULL,NULL),
(342,7,'000720','현대건설',47000,42,NULL,NULL,NULL,NULL),
(343,7,'000720','현대건설',49000,43,NULL,NULL,NULL,NULL),
(344,7,'000720','현대건설',50000,44,NULL,NULL,NULL,NULL),
(345,7,'000720','현대건설',46000,45,NULL,NULL,NULL,NULL),
(346,7,'000720','현대건설',47000,46,NULL,NULL,NULL,NULL),
(347,7,'000720','현대건설',49000,47,NULL,NULL,NULL,NULL),
(348,7,'000720','현대건설',50000,48,NULL,NULL,NULL,NULL),
(349,7,'000720','현대건설',49000,49,NULL,NULL,NULL,NULL),
(350,7,'000720','현대건설',50000,50,NULL,NULL,NULL,NULL),
(351,8,'042660','대우조선해양',44000,1,NULL,NULL,NULL,NULL),
(352,8,'042660','대우조선해양',45000,2,NULL,NULL,NULL,NULL),
(353,8,'042660','대우조선해양',44000,3,NULL,NULL,NULL,NULL),
(354,8,'042660','대우조선해양',43000,4,NULL,NULL,NULL,NULL),
(355,8,'042660','대우조선해양',42000,5,NULL,NULL,NULL,NULL),
(356,8,'042660','대우조선해양',44000,6,NULL,NULL,NULL,NULL),
(357,8,'042660','대우조선해양',45000,7,NULL,NULL,NULL,NULL),
(358,8,'042660','대우조선해양',46000,8,NULL,NULL,NULL,NULL),
(359,8,'042660','대우조선해양',47000,9,NULL,NULL,NULL,NULL),
(360,8,'042660','대우조선해양',44000,10,NULL,NULL,NULL,NULL),
(361,8,'042660','대우조선해양',45000,11,NULL,NULL,NULL,NULL),
(362,8,'042660','대우조선해양',44000,12,NULL,NULL,NULL,NULL),
(363,8,'042660','대우조선해양',43000,13,NULL,NULL,NULL,NULL),
(364,8,'042660','대우조선해양',42000,14,NULL,NULL,NULL,NULL),
(365,8,'042660','대우조선해양',44000,15,NULL,NULL,NULL,NULL),
(366,8,'042660','대우조선해양',45000,16,NULL,NULL,NULL,NULL),
(367,8,'042660','대우조선해양',46000,17,NULL,NULL,NULL,NULL),
(368,8,'042660','대우조선해양',47000,18,NULL,NULL,NULL,NULL),
(369,8,'042660','대우조선해양',44000,19,NULL,NULL,NULL,NULL),
(370,8,'042660','대우조선해양',45000,20,NULL,NULL,NULL,NULL),
(371,8,'042660','대우조선해양',44000,21,NULL,NULL,NULL,NULL),
(372,8,'042660','대우조선해양',43000,22,NULL,NULL,NULL,NULL),
(373,8,'042660','대우조선해양',42000,23,NULL,NULL,NULL,NULL),
(374,8,'042660','대우조선해양',44000,24,NULL,NULL,NULL,NULL),
(375,8,'042660','대우조선해양',45000,25,NULL,NULL,NULL,NULL),
(376,8,'042660','대우조선해양',46000,26,NULL,NULL,NULL,NULL),
(377,8,'042660','대우조선해양',47000,27,NULL,NULL,NULL,NULL),
(378,8,'042660','대우조선해양',46000,28,NULL,NULL,NULL,NULL),
(379,8,'042660','대우조선해양',47000,29,NULL,NULL,NULL,NULL),
(380,8,'042660','대우조선해양',44000,30,NULL,NULL,NULL,NULL),
(381,8,'042660','대우조선해양',45000,31,NULL,NULL,NULL,NULL),
(382,8,'042660','대우조선해양',44000,32,NULL,NULL,NULL,NULL),
(383,8,'042660','대우조선해양',43000,33,NULL,NULL,NULL,NULL),
(384,8,'042660','대우조선해양',42000,34,NULL,NULL,NULL,NULL),
(385,8,'042660','대우조선해양',44000,35,NULL,NULL,NULL,NULL),
(386,8,'042660','대우조선해양',45000,36,NULL,NULL,NULL,NULL),
(387,8,'042660','대우조선해양',46000,37,NULL,NULL,NULL,NULL),
(388,8,'042660','대우조선해양',47000,38,NULL,NULL,NULL,NULL),
(389,8,'042660','대우조선해양',44000,39,NULL,NULL,NULL,NULL),
(390,8,'042660','대우조선해양',45000,40,NULL,NULL,NULL,NULL),
(391,8,'042660','대우조선해양',44000,41,NULL,NULL,NULL,NULL),
(392,8,'042660','대우조선해양',43000,42,NULL,NULL,NULL,NULL),
(393,8,'042660','대우조선해양',42000,43,NULL,NULL,NULL,NULL),
(394,8,'042660','대우조선해양',44000,44,NULL,NULL,NULL,NULL),
(395,8,'042660','대우조선해양',45000,45,NULL,NULL,NULL,NULL),
(396,8,'042660','대우조선해양',46000,46,NULL,NULL,NULL,NULL),
(397,8,'042660','대우조선해양',47000,47,NULL,NULL,NULL,NULL),
(398,8,'042660','대우조선해양',44000,48,NULL,NULL,NULL,NULL),
(399,8,'042660','대우조선해양',45000,49,NULL,NULL,NULL,NULL),
(400,8,'042660','대우조선해양',44000,50,NULL,NULL,NULL,NULL),
(401,9,'005380','현대차',148000,1,NULL,NULL,NULL,NULL),
(402,9,'005380','현대차',149000,2,NULL,NULL,NULL,NULL),
(403,9,'005380','현대차',148000,3,NULL,NULL,NULL,NULL),
(404,9,'005380','현대차',148000,4,NULL,NULL,NULL,NULL),
(405,9,'005380','현대차',150000,5,NULL,NULL,NULL,NULL),
(406,9,'005380','현대차',149000,6,NULL,NULL,NULL,NULL),
(407,9,'005380','현대차',152000,7,NULL,NULL,NULL,NULL),
(408,9,'005380','현대차',153000,8,NULL,NULL,NULL,NULL),
(409,9,'005380','현대차',155000,9,NULL,NULL,NULL,NULL),
(410,9,'005380','현대차',151000,10,NULL,NULL,NULL,NULL),
(411,9,'005380','현대차',152000,11,NULL,NULL,NULL,NULL),
(412,9,'005380','현대차',151000,12,NULL,NULL,NULL,NULL),
(413,9,'005380','현대차',148000,13,NULL,NULL,NULL,NULL),
(414,9,'005380','현대차',149000,14,NULL,NULL,NULL,NULL),
(415,9,'005380','현대차',148000,15,NULL,NULL,NULL,NULL),
(416,9,'005380','현대차',148000,16,NULL,NULL,NULL,NULL),
(417,9,'005380','현대차',150000,17,NULL,NULL,NULL,NULL),
(418,9,'005380','현대차',149000,18,NULL,NULL,NULL,NULL),
(419,9,'005380','현대차',152000,19,NULL,NULL,NULL,NULL),
(420,9,'005380','현대차',153000,20,NULL,NULL,NULL,NULL),
(421,9,'005380','현대차',155000,21,NULL,NULL,NULL,NULL),
(422,9,'005380','현대차',151000,22,NULL,NULL,NULL,NULL),
(423,9,'005380','현대차',152000,23,NULL,NULL,NULL,NULL),
(424,9,'005380','현대차',152000,24,NULL,NULL,NULL,NULL),
(425,9,'005380','현대차',153000,25,NULL,NULL,NULL,NULL),
(426,9,'005380','현대차',155000,26,NULL,NULL,NULL,NULL),
(427,9,'005380','현대차',151000,27,NULL,NULL,NULL,NULL),
(428,9,'005380','현대차',152000,28,NULL,NULL,NULL,NULL),
(429,9,'005380','현대차',151000,29,NULL,NULL,NULL,NULL),
(430,9,'005380','현대차',148000,30,NULL,NULL,NULL,NULL),
(431,9,'005380','현대차',149000,31,NULL,NULL,NULL,NULL),
(432,9,'005380','현대차',148000,32,NULL,NULL,NULL,NULL),
(433,9,'005380','현대차',148000,33,NULL,NULL,NULL,NULL),
(434,9,'005380','현대차',150000,34,NULL,NULL,NULL,NULL),
(435,9,'005380','현대차',149000,35,NULL,NULL,NULL,NULL),
(436,9,'005380','현대차',152000,36,NULL,NULL,NULL,NULL),
(437,9,'005380','현대차',153000,37,NULL,NULL,NULL,NULL),
(438,9,'005380','현대차',155000,38,NULL,NULL,NULL,NULL),
(439,9,'005380','현대차',153000,39,NULL,NULL,NULL,NULL),
(440,9,'005380','현대차',155000,40,NULL,NULL,NULL,NULL),
(441,9,'005380','현대차',151000,41,NULL,NULL,NULL,NULL),
(442,9,'005380','현대차',152000,42,NULL,NULL,NULL,NULL),
(443,9,'005380','현대차',151000,43,NULL,NULL,NULL,NULL),
(444,9,'005380','현대차',148000,44,NULL,NULL,NULL,NULL),
(445,9,'005380','현대차',149000,45,NULL,NULL,NULL,NULL),
(446,9,'005380','현대차',148000,46,NULL,NULL,NULL,NULL),
(447,9,'005380','현대차',148000,47,NULL,NULL,NULL,NULL),
(448,9,'005380','현대차',150000,48,NULL,NULL,NULL,NULL),
(449,9,'005380','현대차',149000,49,NULL,NULL,NULL,NULL),
(450,9,'005380','현대차',152000,50,NULL,NULL,NULL,NULL),
(451,10,'003490','대한항공',31000,1,NULL,NULL,NULL,NULL),
(452,10,'003490','대한항공',30000,2,NULL,NULL,NULL,NULL),
(453,10,'003490','대한항공',29000,3,NULL,NULL,NULL,NULL),
(454,10,'003490','대한항공',28000,4,NULL,NULL,NULL,NULL),
(455,10,'003490','대한항공',29000,5,NULL,NULL,NULL,NULL),
(456,10,'003490','대한항공',31000,6,NULL,NULL,NULL,NULL),
(457,10,'003490','대한항공',32000,7,NULL,NULL,NULL,NULL),
(458,10,'003490','대한항공',33000,8,NULL,NULL,NULL,NULL),
(459,10,'003490','대한항공',34000,9,NULL,NULL,NULL,NULL),
(460,10,'003490','대한항공',31000,10,NULL,NULL,NULL,NULL),
(461,10,'003490','대한항공',33000,11,NULL,NULL,NULL,NULL),
(462,10,'003490','대한항공',31000,12,NULL,NULL,NULL,NULL),
(463,10,'003490','대한항공',31000,13,NULL,NULL,NULL,NULL),
(464,10,'003490','대한항공',30000,14,NULL,NULL,NULL,NULL),
(465,10,'003490','대한항공',29000,15,NULL,NULL,NULL,NULL),
(466,10,'003490','대한항공',28000,16,NULL,NULL,NULL,NULL),
(467,10,'003490','대한항공',29000,17,NULL,NULL,NULL,NULL),
(468,10,'003490','대한항공',31000,18,NULL,NULL,NULL,NULL),
(469,10,'003490','대한항공',32000,19,NULL,NULL,NULL,NULL),
(470,10,'003490','대한항공',33000,20,NULL,NULL,NULL,NULL),
(471,10,'003490','대한항공',34000,21,NULL,NULL,NULL,NULL),
(472,10,'003490','대한항공',31000,22,NULL,NULL,NULL,NULL),
(473,10,'003490','대한항공',33000,23,NULL,NULL,NULL,NULL),
(474,10,'003490','대한항공',31000,24,NULL,NULL,NULL,NULL),
(475,10,'003490','대한항공',28000,25,NULL,NULL,NULL,NULL),
(476,10,'003490','대한항공',29000,26,NULL,NULL,NULL,NULL),
(477,10,'003490','대한항공',31000,27,NULL,NULL,NULL,NULL),
(478,10,'003490','대한항공',32000,28,NULL,NULL,NULL,NULL),
(479,10,'003490','대한항공',33000,29,NULL,NULL,NULL,NULL),
(480,10,'003490','대한항공',34000,30,NULL,NULL,NULL,NULL),
(481,10,'003490','대한항공',31000,31,NULL,NULL,NULL,NULL),
(482,10,'003490','대한항공',33000,32,NULL,NULL,NULL,NULL),
(483,10,'003490','대한항공',31000,33,NULL,NULL,NULL,NULL),
(484,10,'003490','대한항공',31000,34,NULL,NULL,NULL,NULL),
(485,10,'003490','대한항공',30000,35,NULL,NULL,NULL,NULL),
(486,10,'003490','대한항공',29000,36,NULL,NULL,NULL,NULL),
(487,10,'003490','대한항공',28000,37,NULL,NULL,NULL,NULL),
(488,10,'003490','대한항공',29000,38,NULL,NULL,NULL,NULL),
(489,10,'003490','대한항공',33000,39,NULL,NULL,NULL,NULL),
(490,10,'003490','대한항공',31000,40,NULL,NULL,NULL,NULL),
(491,10,'003490','대한항공',28000,41,NULL,NULL,NULL,NULL),
(492,10,'003490','대한항공',29000,42,NULL,NULL,NULL,NULL),
(493,10,'003490','대한항공',29000,43,NULL,NULL,NULL,NULL),
(494,10,'003490','대한항공',31000,44,NULL,NULL,NULL,NULL),
(495,10,'003490','대한항공',29000,45,NULL,NULL,NULL,NULL),
(496,10,'003490','대한항공',29000,46,NULL,NULL,NULL,NULL),
(497,10,'003490','대한항공',31000,47,NULL,NULL,NULL,NULL),
(498,10,'003490','대한항공',32000,48,NULL,NULL,NULL,NULL),
(499,10,'003490','대한항공',33000,49,NULL,NULL,NULL,NULL),
(500,10,'003490','대한항공',34000,50,NULL,NULL,NULL,NULL),
(501,11,'035720','카카오',83000,1,NULL,NULL,NULL,NULL),
(502,11,'035720','카카오',84000,2,NULL,NULL,NULL,NULL),
(503,11,'035720','카카오',83000,3,NULL,NULL,NULL,NULL),
(504,11,'035720','카카오',84000,4,NULL,NULL,NULL,NULL),
(505,11,'035720','카카오',86000,5,NULL,NULL,NULL,NULL),
(506,11,'035720','카카오',85000,6,NULL,NULL,NULL,NULL),
(507,11,'035720','카카오',83000,7,NULL,NULL,NULL,NULL),
(508,11,'035720','카카오',86000,8,NULL,NULL,NULL,NULL),
(509,11,'035720','카카오',85000,9,NULL,NULL,NULL,NULL),
(510,11,'035720','카카오',84000,10,NULL,NULL,NULL,NULL),
(511,11,'035720','카카오',84000,11,NULL,NULL,NULL,NULL),
(512,11,'035720','카카오',83000,12,NULL,NULL,NULL,NULL),
(513,11,'035720','카카오',84000,13,NULL,NULL,NULL,NULL),
(514,11,'035720','카카오',86000,14,NULL,NULL,NULL,NULL),
(515,11,'035720','카카오',85000,15,NULL,NULL,NULL,NULL),
(516,11,'035720','카카오',83000,16,NULL,NULL,NULL,NULL),
(517,11,'035720','카카오',86000,17,NULL,NULL,NULL,NULL),
(518,11,'035720','카카오',85000,18,NULL,NULL,NULL,NULL),
(519,11,'035720','카카오',84000,19,NULL,NULL,NULL,NULL),
(520,11,'035720','카카오',84000,20,NULL,NULL,NULL,NULL),
(521,11,'035720','카카오',83000,21,NULL,NULL,NULL,NULL),
(522,11,'035720','카카오',84000,22,NULL,NULL,NULL,NULL),
(523,11,'035720','카카오',86000,23,NULL,NULL,NULL,NULL),
(524,11,'035720','카카오',85000,24,NULL,NULL,NULL,NULL),
(525,11,'035720','카카오',83000,25,NULL,NULL,NULL,NULL),
(526,11,'035720','카카오',86000,26,NULL,NULL,NULL,NULL),
(527,11,'035720','카카오',85000,27,NULL,NULL,NULL,NULL),
(528,11,'035720','카카오',84000,28,NULL,NULL,NULL,NULL),
(529,11,'035720','카카오',84000,29,NULL,NULL,NULL,NULL),
(530,11,'035720','카카오',83000,30,NULL,NULL,NULL,NULL),
(531,11,'035720','카카오',84000,31,NULL,NULL,NULL,NULL),
(532,11,'035720','카카오',86000,32,NULL,NULL,NULL,NULL),
(533,11,'035720','카카오',85000,33,NULL,NULL,NULL,NULL),
(534,11,'035720','카카오',83000,34,NULL,NULL,NULL,NULL),
(535,11,'035720','카카오',86000,35,NULL,NULL,NULL,NULL),
(536,11,'035720','카카오',85000,36,NULL,NULL,NULL,NULL),
(537,11,'035720','카카오',84000,37,NULL,NULL,NULL,NULL),
(538,11,'035720','카카오',84000,38,NULL,NULL,NULL,NULL),
(539,11,'035720','카카오',83000,39,NULL,NULL,NULL,NULL),
(540,11,'035720','카카오',84000,40,NULL,NULL,NULL,NULL),
(541,11,'035720','카카오',86000,41,NULL,NULL,NULL,NULL),
(542,11,'035720','카카오',85000,42,NULL,NULL,NULL,NULL),
(543,11,'035720','카카오',84000,43,NULL,NULL,NULL,NULL),
(544,11,'035720','카카오',83000,44,NULL,NULL,NULL,NULL),
(545,11,'035720','카카오',84000,45,NULL,NULL,NULL,NULL),
(546,11,'035720','카카오',86000,46,NULL,NULL,NULL,NULL),
(547,11,'035720','카카오',85000,47,NULL,NULL,NULL,NULL),
(548,11,'035720','카카오',83000,48,NULL,NULL,NULL,NULL),
(549,11,'035720','카카오',86000,49,NULL,NULL,NULL,NULL),
(550,11,'035720','카카오',85000,50,NULL,NULL,NULL,NULL),
(551,12,'005930','삼성전자',192000,1,NULL,NULL,NULL,NULL),
(552,12,'005930','삼성전자',193000,2,NULL,NULL,NULL,NULL),
(553,12,'005930','삼성전자',194000,3,NULL,NULL,NULL,NULL),
(554,12,'005930','삼성전자',192000,4,NULL,NULL,NULL,NULL),
(555,12,'005930','삼성전자',195000,5,NULL,NULL,NULL,NULL),
(556,12,'005930','삼성전자',196000,6,NULL,NULL,NULL,NULL),
(557,12,'005930','삼성전자',193000,7,NULL,NULL,NULL,NULL),
(558,12,'005930','삼성전자',192000,8,NULL,NULL,NULL,NULL),
(559,12,'005930','삼성전자',197000,9,NULL,NULL,NULL,NULL),
(560,12,'005930','삼성전자',196000,10,NULL,NULL,NULL,NULL),
(561,12,'005930','삼성전자',195000,11,NULL,NULL,NULL,NULL),
(562,12,'005930','삼성전자',192000,12,NULL,NULL,NULL,NULL),
(563,12,'005930','삼성전자',193000,13,NULL,NULL,NULL,NULL),
(564,12,'005930','삼성전자',194000,14,NULL,NULL,NULL,NULL),
(565,12,'005930','삼성전자',192000,15,NULL,NULL,NULL,NULL),
(566,12,'005930','삼성전자',195000,16,NULL,NULL,NULL,NULL),
(567,12,'005930','삼성전자',196000,17,NULL,NULL,NULL,NULL),
(568,12,'005930','삼성전자',193000,18,NULL,NULL,NULL,NULL),
(569,12,'005930','삼성전자',192000,19,NULL,NULL,NULL,NULL),
(570,12,'005930','삼성전자',192000,20,NULL,NULL,NULL,NULL),
(571,12,'005930','삼성전자',195000,21,NULL,NULL,NULL,NULL),
(572,12,'005930','삼성전자',196000,22,NULL,NULL,NULL,NULL),
(573,12,'005930','삼성전자',193000,23,NULL,NULL,NULL,NULL),
(574,12,'005930','삼성전자',192000,24,NULL,NULL,NULL,NULL),
(575,12,'005930','삼성전자',197000,25,NULL,NULL,NULL,NULL),
(576,12,'005930','삼성전자',196000,26,NULL,NULL,NULL,NULL),
(577,12,'005930','삼성전자',195000,27,NULL,NULL,NULL,NULL),
(578,12,'005930','삼성전자',192000,28,NULL,NULL,NULL,NULL),
(579,12,'005930','삼성전자',193000,29,NULL,NULL,NULL,NULL),
(580,12,'005930','삼성전자',194000,30,NULL,NULL,NULL,NULL),
(581,12,'005930','삼성전자',193000,31,NULL,NULL,NULL,NULL),
(582,12,'005930','삼성전자',192000,32,NULL,NULL,NULL,NULL),
(583,12,'005930','삼성전자',192000,33,NULL,NULL,NULL,NULL),
(584,12,'005930','삼성전자',195000,34,NULL,NULL,NULL,NULL),
(585,12,'005930','삼성전자',196000,35,NULL,NULL,NULL,NULL),
(586,12,'005930','삼성전자',193000,36,NULL,NULL,NULL,NULL),
(587,12,'005930','삼성전자',192000,37,NULL,NULL,NULL,NULL),
(588,12,'005930','삼성전자',192000,38,NULL,NULL,NULL,NULL),
(589,12,'005930','삼성전자',195000,39,NULL,NULL,NULL,NULL),
(590,12,'005930','삼성전자',196000,40,NULL,NULL,NULL,NULL),
(591,12,'005930','삼성전자',193000,41,NULL,NULL,NULL,NULL),
(592,12,'005930','삼성전자',192000,42,NULL,NULL,NULL,NULL),
(593,12,'005930','삼성전자',192000,43,NULL,NULL,NULL,NULL),
(594,12,'005930','삼성전자',195000,44,NULL,NULL,NULL,NULL),
(595,12,'005930','삼성전자',196000,45,NULL,NULL,NULL,NULL),
(596,12,'005930','삼성전자',194000,46,NULL,NULL,NULL,NULL),
(597,12,'005930','삼성전자',193000,47,NULL,NULL,NULL,NULL),
(598,12,'005930','삼성전자',192000,48,NULL,NULL,NULL,NULL),
(599,12,'005930','삼성전자',192000,49,NULL,NULL,NULL,NULL),
(600,12,'005930','삼성전자',195000,50,NULL,NULL,NULL,NULL);

/*Table structure for table `job015_copy` */

DROP TABLE IF EXISTS `job015_copy`;

CREATE TABLE `job015_copy` (
  `COMP_KEY` int(10) unsigned NOT NULL AUTO_INCREMENT COMMENT '종목KEY',
  `SECT_KEY` int(10) unsigned NOT NULL COMMENT '업종KEY',
  `COMP_CODE` varchar(8) DEFAULT NULL COMMENT '종목코드',
  `COMP_NAME` varchar(32) DEFAULT NULL COMMENT '종목명',
  `COMP_PRICE` int(11) DEFAULT NULL COMMENT '현재가격',
  `COMP_DATE` int(11) DEFAULT NULL COMMENT '날짜정보_일별',
  `INSERT_EMP_NO` varchar(32) DEFAULT NULL COMMENT '최초등록자ID',
  `INSERT_DATE` datetime DEFAULT NULL COMMENT '최초등록일시',
  `UPDATE_EMP_NO` varchar(32) DEFAULT NULL COMMENT '최종수정자ID',
  `UPDATE_DATE` datetime DEFAULT NULL COMMENT '최종수정일시',
  PRIMARY KEY (`COMP_KEY`)
) ENGINE=InnoDB AUTO_INCREMENT=601 DEFAULT CHARSET=utf8;

/*Data for the table `job015_copy` */

insert  into `job015_copy`(`COMP_KEY`,`SECT_KEY`,`COMP_CODE`,`COMP_NAME`,`COMP_PRICE`,`COMP_DATE`,`INSERT_EMP_NO`,`INSERT_DATE`,`UPDATE_EMP_NO`,`UPDATE_DATE`) values 
(1,1,'009290','광동제약',19000,1,NULL,NULL,NULL,NULL),
(2,1,'009290','광동제약',18000,2,NULL,NULL,NULL,NULL),
(3,1,'009290','광동제약',17000,3,NULL,NULL,NULL,NULL),
(4,1,'009290','광동제약',16000,4,NULL,NULL,NULL,NULL),
(5,1,'009290','광동제약',18000,5,NULL,NULL,NULL,NULL),
(6,1,'009290','광동제약',19000,6,NULL,NULL,NULL,NULL),
(7,1,'009290','광동제약',20000,7,NULL,NULL,NULL,NULL),
(8,1,'009290','광동제약',19000,8,NULL,NULL,NULL,NULL),
(9,1,'009290','광동제약',22000,9,NULL,NULL,NULL,NULL),
(10,1,'009290','광동제약',25000,10,NULL,NULL,NULL,NULL),
(11,1,'009290','광동제약',20000,11,NULL,NULL,NULL,NULL),
(12,1,'009290','광동제약',18000,12,NULL,NULL,NULL,NULL),
(13,1,'009290','광동제약',19000,13,NULL,NULL,NULL,NULL),
(14,1,'009290','광동제약',20000,14,NULL,NULL,NULL,NULL),
(15,1,'009290','광동제약',19000,15,NULL,NULL,NULL,NULL),
(16,1,'009290','광동제약',22000,16,NULL,NULL,NULL,NULL),
(17,1,'009290','광동제약',25000,17,NULL,NULL,NULL,NULL),
(18,1,'009290','광동제약',22000,18,NULL,NULL,NULL,NULL),
(19,1,'009290','광동제약',25000,19,NULL,NULL,NULL,NULL),
(20,1,'009290','광동제약',20000,20,NULL,NULL,NULL,NULL),
(21,1,'009290','광동제약',18000,21,NULL,NULL,NULL,NULL),
(22,1,'009290','광동제약',19000,22,NULL,NULL,NULL,NULL),
(23,1,'009290','광동제약',20000,23,NULL,NULL,NULL,NULL),
(24,1,'009290','광동제약',19000,24,NULL,NULL,NULL,NULL),
(25,1,'009290','광동제약',22000,25,NULL,NULL,NULL,NULL),
(26,1,'009290','광동제약',25000,26,NULL,NULL,NULL,NULL),
(27,1,'009290','광동제약',16000,27,NULL,NULL,NULL,NULL),
(28,1,'009290','광동제약',18000,28,NULL,NULL,NULL,NULL),
(29,1,'009290','광동제약',19000,29,NULL,NULL,NULL,NULL),
(30,1,'009290','광동제약',20000,30,NULL,NULL,NULL,NULL),
(31,1,'009290','광동제약',19000,31,NULL,NULL,NULL,NULL),
(32,1,'009290','광동제약',22000,32,NULL,NULL,NULL,NULL),
(33,1,'009290','광동제약',25000,33,NULL,NULL,NULL,NULL),
(34,1,'009290','광동제약',20000,34,NULL,NULL,NULL,NULL),
(35,1,'009290','광동제약',18000,35,NULL,NULL,NULL,NULL),
(36,1,'009290','광동제약',19000,36,NULL,NULL,NULL,NULL),
(37,1,'009290','광동제약',25000,37,NULL,NULL,NULL,NULL),
(38,1,'009290','광동제약',22000,38,NULL,NULL,NULL,NULL),
(39,1,'009290','광동제약',25000,39,NULL,NULL,NULL,NULL),
(40,1,'009290','광동제약',20000,40,NULL,NULL,NULL,NULL),
(41,1,'009290','광동제약',18000,41,NULL,NULL,NULL,NULL),
(42,1,'009290','광동제약',19000,42,NULL,NULL,NULL,NULL),
(43,1,'009290','광동제약',20000,43,NULL,NULL,NULL,NULL),
(44,1,'009290','광동제약',19000,44,NULL,NULL,NULL,NULL),
(45,1,'009290','광동제약',22000,45,NULL,NULL,NULL,NULL),
(46,1,'009290','광동제약',19000,46,NULL,NULL,NULL,NULL),
(47,1,'009290','광동제약',20000,47,NULL,NULL,NULL,NULL),
(48,1,'009290','광동제약',19000,48,NULL,NULL,NULL,NULL),
(49,1,'009290','광동제약',22000,49,NULL,NULL,NULL,NULL),
(50,1,'009290','광동제약',25000,50,NULL,NULL,NULL,NULL),
(51,2,'249420','일동제약',24000,1,NULL,NULL,NULL,NULL),
(52,2,'249420','일동제약',25000,2,NULL,NULL,NULL,NULL),
(53,2,'249420','일동제약',26000,3,NULL,NULL,NULL,NULL),
(54,2,'249420','일동제약',24000,4,NULL,NULL,NULL,NULL),
(55,2,'249420','일동제약',25000,5,NULL,NULL,NULL,NULL),
(56,2,'249420','일동제약',26000,6,NULL,NULL,NULL,NULL),
(57,2,'249420','일동제약',24000,7,NULL,NULL,NULL,NULL),
(58,2,'249420','일동제약',25000,8,NULL,NULL,NULL,NULL),
(59,2,'249420','일동제약',26000,9,NULL,NULL,NULL,NULL),
(60,2,'249420','일동제약',24000,10,NULL,NULL,NULL,NULL),
(61,2,'249420','일동제약',25000,11,NULL,NULL,NULL,NULL),
(62,2,'249420','일동제약',24000,12,NULL,NULL,NULL,NULL),
(63,2,'249420','일동제약',25000,13,NULL,NULL,NULL,NULL),
(64,2,'249420','일동제약',26000,14,NULL,NULL,NULL,NULL),
(65,2,'249420','일동제약',24000,15,NULL,NULL,NULL,NULL),
(66,2,'249420','일동제약',25000,16,NULL,NULL,NULL,NULL),
(67,2,'249420','일동제약',26000,17,NULL,NULL,NULL,NULL),
(68,2,'249420','일동제약',26000,18,NULL,NULL,NULL,NULL),
(69,2,'249420','일동제약',24000,19,NULL,NULL,NULL,NULL),
(70,2,'249420','일동제약',25000,20,NULL,NULL,NULL,NULL),
(71,2,'249420','일동제약',24000,21,NULL,NULL,NULL,NULL),
(72,2,'249420','일동제약',25000,22,NULL,NULL,NULL,NULL),
(73,2,'249420','일동제약',26000,23,NULL,NULL,NULL,NULL),
(74,2,'249420','일동제약',24000,24,NULL,NULL,NULL,NULL),
(75,2,'249420','일동제약',25000,25,NULL,NULL,NULL,NULL),
(76,2,'249420','일동제약',26000,26,NULL,NULL,NULL,NULL),
(77,2,'249420','일동제약',24000,27,NULL,NULL,NULL,NULL),
(78,2,'249420','일동제약',25000,28,NULL,NULL,NULL,NULL),
(79,2,'249420','일동제약',24000,29,NULL,NULL,NULL,NULL),
(80,2,'249420','일동제약',25000,30,NULL,NULL,NULL,NULL),
(81,2,'249420','일동제약',26000,31,NULL,NULL,NULL,NULL),
(82,2,'249420','일동제약',24000,32,NULL,NULL,NULL,NULL),
(83,2,'249420','일동제약',25000,33,NULL,NULL,NULL,NULL),
(84,2,'249420','일동제약',26000,34,NULL,NULL,NULL,NULL),
(85,2,'249420','일동제약',24000,35,NULL,NULL,NULL,NULL),
(86,2,'249420','일동제약',25000,36,NULL,NULL,NULL,NULL),
(87,2,'249420','일동제약',24000,37,NULL,NULL,NULL,NULL),
(88,2,'249420','일동제약',25000,38,NULL,NULL,NULL,NULL),
(89,2,'249420','일동제약',26000,39,NULL,NULL,NULL,NULL),
(90,2,'249420','일동제약',24000,40,NULL,NULL,NULL,NULL),
(91,2,'249420','일동제약',25000,41,NULL,NULL,NULL,NULL),
(92,2,'249420','일동제약',24000,42,NULL,NULL,NULL,NULL),
(93,2,'249420','일동제약',25000,43,NULL,NULL,NULL,NULL),
(94,2,'249420','일동제약',24000,44,NULL,NULL,NULL,NULL),
(95,2,'249420','일동제약',25000,45,NULL,NULL,NULL,NULL),
(96,2,'249420','일동제약',26000,46,NULL,NULL,NULL,NULL),
(97,2,'249420','일동제약',24000,47,NULL,NULL,NULL,NULL),
(98,2,'249420','일동제약',25000,48,NULL,NULL,NULL,NULL),
(99,2,'249420','일동제약',26000,49,NULL,NULL,NULL,NULL),
(100,2,'249420','일동제약',26000,50,NULL,NULL,NULL,NULL),
(101,3,'011170','롯데케미칼',369000,1,NULL,NULL,NULL,NULL),
(102,3,'011170','롯데케미칼',370000,2,NULL,NULL,NULL,NULL),
(103,3,'011170','롯데케미칼',369000,3,NULL,NULL,NULL,NULL),
(104,3,'011170','롯데케미칼',375000,4,NULL,NULL,NULL,NULL),
(105,3,'011170','롯데케미칼',369000,5,NULL,NULL,NULL,NULL),
(106,3,'011170','롯데케미칼',370000,6,NULL,NULL,NULL,NULL),
(107,3,'011170','롯데케미칼',369000,7,NULL,NULL,NULL,NULL),
(108,3,'011170','롯데케미칼',375000,8,NULL,NULL,NULL,NULL),
(109,3,'011170','롯데케미칼',369000,9,NULL,NULL,NULL,NULL),
(110,3,'011170','롯데케미칼',370000,10,NULL,NULL,NULL,NULL),
(111,3,'011170','롯데케미칼',369000,11,NULL,NULL,NULL,NULL),
(112,3,'011170','롯데케미칼',375000,12,NULL,NULL,NULL,NULL),
(113,3,'011170','롯데케미칼',370000,13,NULL,NULL,NULL,NULL),
(114,3,'011170','롯데케미칼',369000,14,NULL,NULL,NULL,NULL),
(115,3,'011170','롯데케미칼',375000,15,NULL,NULL,NULL,NULL),
(116,3,'011170','롯데케미칼',369000,16,NULL,NULL,NULL,NULL),
(117,3,'011170','롯데케미칼',370000,17,NULL,NULL,NULL,NULL),
(118,3,'011170','롯데케미칼',369000,18,NULL,NULL,NULL,NULL),
(119,3,'011170','롯데케미칼',375000,19,NULL,NULL,NULL,NULL),
(120,3,'011170','롯데케미칼',369000,20,NULL,NULL,NULL,NULL),
(121,3,'011170','롯데케미칼',370000,21,NULL,NULL,NULL,NULL),
(122,3,'011170','롯데케미칼',369000,22,NULL,NULL,NULL,NULL),
(123,3,'011170','롯데케미칼',370000,23,NULL,NULL,NULL,NULL),
(124,3,'011170','롯데케미칼',369000,24,NULL,NULL,NULL,NULL),
(125,3,'011170','롯데케미칼',375000,25,NULL,NULL,NULL,NULL),
(126,3,'011170','롯데케미칼',369000,26,NULL,NULL,NULL,NULL),
(127,3,'011170','롯데케미칼',370000,27,NULL,NULL,NULL,NULL),
(128,3,'011170','롯데케미칼',369000,28,NULL,NULL,NULL,NULL),
(129,3,'011170','롯데케미칼',375000,29,NULL,NULL,NULL,NULL),
(130,3,'011170','롯데케미칼',369000,30,NULL,NULL,NULL,NULL),
(131,3,'011170','롯데케미칼',370000,31,NULL,NULL,NULL,NULL),
(132,3,'011170','롯데케미칼',369000,32,NULL,NULL,NULL,NULL),
(133,3,'011170','롯데케미칼',375000,33,NULL,NULL,NULL,NULL),
(134,3,'011170','롯데케미칼',369000,34,NULL,NULL,NULL,NULL),
(135,3,'011170','롯데케미칼',370000,35,NULL,NULL,NULL,NULL),
(136,3,'011170','롯데케미칼',369000,36,NULL,NULL,NULL,NULL),
(137,3,'011170','롯데케미칼',370000,37,NULL,NULL,NULL,NULL),
(138,3,'011170','롯데케미칼',369000,38,NULL,NULL,NULL,NULL),
(139,3,'011170','롯데케미칼',375000,39,NULL,NULL,NULL,NULL),
(140,3,'011170','롯데케미칼',369000,40,NULL,NULL,NULL,NULL),
(141,3,'011170','롯데케미칼',370000,41,NULL,NULL,NULL,NULL),
(142,3,'011170','롯데케미칼',369000,42,NULL,NULL,NULL,NULL),
(143,3,'011170','롯데케미칼',375000,43,NULL,NULL,NULL,NULL),
(144,3,'011170','롯데케미칼',369000,44,NULL,NULL,NULL,NULL),
(145,3,'011170','롯데케미칼',370000,45,NULL,NULL,NULL,NULL),
(146,3,'011170','롯데케미칼',370000,46,NULL,NULL,NULL,NULL),
(147,3,'011170','롯데케미칼',369000,47,NULL,NULL,NULL,NULL),
(148,3,'011170','롯데케미칼',375000,48,NULL,NULL,NULL,NULL),
(149,3,'011170','롯데케미칼',369000,49,NULL,NULL,NULL,NULL),
(150,3,'011170','롯데케미칼',375000,50,NULL,NULL,NULL,NULL),
(151,4,'009830','한화케미칼',26000,1,NULL,NULL,NULL,NULL),
(152,4,'009830','한화케미칼',27000,2,NULL,NULL,NULL,NULL),
(153,4,'009830','한화케미칼',26000,3,NULL,NULL,NULL,NULL),
(154,4,'009830','한화케미칼',30000,4,NULL,NULL,NULL,NULL),
(155,4,'009830','한화케미칼',26000,5,NULL,NULL,NULL,NULL),
(156,4,'009830','한화케미칼',28000,6,NULL,NULL,NULL,NULL),
(157,4,'009830','한화케미칼',30000,7,NULL,NULL,NULL,NULL),
(158,4,'009830','한화케미칼',32000,8,NULL,NULL,NULL,NULL),
(159,4,'009830','한화케미칼',26000,9,NULL,NULL,NULL,NULL),
(160,4,'009830','한화케미칼',27000,10,NULL,NULL,NULL,NULL),
(161,4,'009830','한화케미칼',26000,11,NULL,NULL,NULL,NULL),
(162,4,'009830','한화케미칼',30000,12,NULL,NULL,NULL,NULL),
(163,4,'009830','한화케미칼',26000,13,NULL,NULL,NULL,NULL),
(164,4,'009830','한화케미칼',28000,14,NULL,NULL,NULL,NULL),
(165,4,'009830','한화케미칼',32000,15,NULL,NULL,NULL,NULL),
(166,4,'009830','한화케미칼',26000,16,NULL,NULL,NULL,NULL),
(167,4,'009830','한화케미칼',27000,17,NULL,NULL,NULL,NULL),
(168,4,'009830','한화케미칼',26000,18,NULL,NULL,NULL,NULL),
(169,4,'009830','한화케미칼',30000,19,NULL,NULL,NULL,NULL),
(170,4,'009830','한화케미칼',26000,20,NULL,NULL,NULL,NULL),
(171,4,'009830','한화케미칼',28000,21,NULL,NULL,NULL,NULL),
(172,4,'009830','한화케미칼',35000,22,NULL,NULL,NULL,NULL),
(173,4,'009830','한화케미칼',35000,23,NULL,NULL,NULL,NULL),
(174,4,'009830','한화케미칼',32000,24,NULL,NULL,NULL,NULL),
(175,4,'009830','한화케미칼',26000,25,NULL,NULL,NULL,NULL),
(176,4,'009830','한화케미칼',27000,26,NULL,NULL,NULL,NULL),
(177,4,'009830','한화케미칼',26000,27,NULL,NULL,NULL,NULL),
(178,4,'009830','한화케미칼',30000,28,NULL,NULL,NULL,NULL),
(179,4,'009830','한화케미칼',26000,29,NULL,NULL,NULL,NULL),
(180,4,'009830','한화케미칼',28000,30,NULL,NULL,NULL,NULL),
(181,4,'009830','한화케미칼',32000,31,NULL,NULL,NULL,NULL),
(182,4,'009830','한화케미칼',26000,32,NULL,NULL,NULL,NULL),
(183,4,'009830','한화케미칼',27000,33,NULL,NULL,NULL,NULL),
(184,4,'009830','한화케미칼',26000,34,NULL,NULL,NULL,NULL),
(185,4,'009830','한화케미칼',30000,35,NULL,NULL,NULL,NULL),
(186,4,'009830','한화케미칼',26000,36,NULL,NULL,NULL,NULL),
(187,4,'009830','한화케미칼',35000,37,NULL,NULL,NULL,NULL),
(188,4,'009830','한화케미칼',26000,38,NULL,NULL,NULL,NULL),
(189,4,'009830','한화케미칼',27000,39,NULL,NULL,NULL,NULL),
(190,4,'009830','한화케미칼',26000,40,NULL,NULL,NULL,NULL),
(191,4,'009830','한화케미칼',30000,41,NULL,NULL,NULL,NULL),
(192,4,'009830','한화케미칼',26000,42,NULL,NULL,NULL,NULL),
(193,4,'009830','한화케미칼',28000,43,NULL,NULL,NULL,NULL),
(194,4,'009830','한화케미칼',32000,44,NULL,NULL,NULL,NULL),
(195,4,'009830','한화케미칼',26000,45,NULL,NULL,NULL,NULL),
(196,4,'009830','한화케미칼',30000,46,NULL,NULL,NULL,NULL),
(197,4,'009830','한화케미칼',26000,47,NULL,NULL,NULL,NULL),
(198,4,'009830','한화케미칼',35000,48,NULL,NULL,NULL,NULL),
(199,4,'009830','한화케미칼',30000,49,NULL,NULL,NULL,NULL),
(200,4,'009830','한화케미칼',35000,50,NULL,NULL,NULL,NULL),
(201,5,'007310','오뚜기',76000,1,NULL,NULL,NULL,NULL),
(202,5,'007310','오뚜기',77000,2,NULL,NULL,NULL,NULL),
(203,5,'007310','오뚜기',77000,3,NULL,NULL,NULL,NULL),
(204,5,'007310','오뚜기',76000,4,NULL,NULL,NULL,NULL),
(205,5,'007310','오뚜기',77000,5,NULL,NULL,NULL,NULL),
(206,5,'007310','오뚜기',78000,6,NULL,NULL,NULL,NULL),
(207,5,'007310','오뚜기',79000,7,NULL,NULL,NULL,NULL),
(208,5,'007310','오뚜기',80000,8,NULL,NULL,NULL,NULL),
(209,5,'007310','오뚜기',79000,9,NULL,NULL,NULL,NULL),
(210,5,'007310','오뚜기',80000,10,NULL,NULL,NULL,NULL),
(211,5,'007310','오뚜기',82000,11,NULL,NULL,NULL,NULL),
(212,5,'007310','오뚜기',77000,12,NULL,NULL,NULL,NULL),
(213,5,'007310','오뚜기',76000,13,NULL,NULL,NULL,NULL),
(214,5,'007310','오뚜기',77000,14,NULL,NULL,NULL,NULL),
(215,5,'007310','오뚜기',77000,15,NULL,NULL,NULL,NULL),
(216,5,'007310','오뚜기',76000,16,NULL,NULL,NULL,NULL),
(217,5,'007310','오뚜기',77000,17,NULL,NULL,NULL,NULL),
(218,5,'007310','오뚜기',78000,18,NULL,NULL,NULL,NULL),
(219,5,'007310','오뚜기',77000,19,NULL,NULL,NULL,NULL),
(220,5,'007310','오뚜기',76000,20,NULL,NULL,NULL,NULL),
(221,5,'007310','오뚜기',77000,21,NULL,NULL,NULL,NULL),
(222,5,'007310','오뚜기',77000,22,NULL,NULL,NULL,NULL),
(223,5,'007310','오뚜기',76000,23,NULL,NULL,NULL,NULL),
(224,5,'007310','오뚜기',77000,24,NULL,NULL,NULL,NULL),
(225,5,'007310','오뚜기',78000,25,NULL,NULL,NULL,NULL),
(226,5,'007310','오뚜기',79000,26,NULL,NULL,NULL,NULL),
(227,5,'007310','오뚜기',80000,27,NULL,NULL,NULL,NULL),
(228,5,'007310','오뚜기',79000,28,NULL,NULL,NULL,NULL),
(229,5,'007310','오뚜기',80000,29,NULL,NULL,NULL,NULL),
(230,5,'007310','오뚜기',77000,30,NULL,NULL,NULL,NULL),
(231,5,'007310','오뚜기',76000,31,NULL,NULL,NULL,NULL),
(232,5,'007310','오뚜기',77000,32,NULL,NULL,NULL,NULL),
(233,5,'007310','오뚜기',77000,33,NULL,NULL,NULL,NULL),
(234,5,'007310','오뚜기',76000,34,NULL,NULL,NULL,NULL),
(235,5,'007310','오뚜기',77000,35,NULL,NULL,NULL,NULL),
(236,5,'007310','오뚜기',78000,36,NULL,NULL,NULL,NULL),
(237,5,'007310','오뚜기',79000,37,NULL,NULL,NULL,NULL),
(238,5,'007310','오뚜기',80000,38,NULL,NULL,NULL,NULL),
(239,5,'007310','오뚜기',79000,39,NULL,NULL,NULL,NULL),
(240,5,'007310','오뚜기',80000,40,NULL,NULL,NULL,NULL),
(241,5,'007310','오뚜기',82000,41,NULL,NULL,NULL,NULL),
(242,5,'007310','오뚜기',76000,42,NULL,NULL,NULL,NULL),
(243,5,'007310','오뚜기',77000,43,NULL,NULL,NULL,NULL),
(244,5,'007310','오뚜기',78000,44,NULL,NULL,NULL,NULL),
(245,5,'007310','오뚜기',79000,45,NULL,NULL,NULL,NULL),
(246,5,'007310','오뚜기',80000,46,NULL,NULL,NULL,NULL),
(247,5,'007310','오뚜기',79000,47,NULL,NULL,NULL,NULL),
(248,5,'007310','오뚜기',80000,48,NULL,NULL,NULL,NULL),
(249,5,'007310','오뚜기',77000,49,NULL,NULL,NULL,NULL),
(250,5,'007310','오뚜기',79000,50,NULL,NULL,NULL,NULL),
(251,6,'028260','삼성물산',126000,1,NULL,NULL,NULL,NULL),
(252,6,'028260','삼성물산',125000,2,NULL,NULL,NULL,NULL),
(253,6,'028260','삼성물산',124000,3,NULL,NULL,NULL,NULL),
(254,6,'028260','삼성물산',123000,4,NULL,NULL,NULL,NULL),
(255,6,'028260','삼성물산',125000,5,NULL,NULL,NULL,NULL),
(256,6,'028260','삼성물산',126000,6,NULL,NULL,NULL,NULL),
(257,6,'028260','삼성물산',127000,7,NULL,NULL,NULL,NULL),
(258,6,'028260','삼성물산',128000,8,NULL,NULL,NULL,NULL),
(259,6,'028260','삼성물산',129000,9,NULL,NULL,NULL,NULL),
(260,6,'028260','삼성물산',130000,10,NULL,NULL,NULL,NULL),
(261,6,'028260','삼성물산',132000,11,NULL,NULL,NULL,NULL),
(262,6,'028260','삼성물산',129000,12,NULL,NULL,NULL,NULL),
(263,6,'028260','삼성물산',132000,13,NULL,NULL,NULL,NULL),
(264,6,'028260','삼성물산',136000,14,NULL,NULL,NULL,NULL),
(265,6,'028260','삼성물산',123000,15,NULL,NULL,NULL,NULL),
(266,6,'028260','삼성물산',125000,16,NULL,NULL,NULL,NULL),
(267,6,'028260','삼성물산',126000,17,NULL,NULL,NULL,NULL),
(268,6,'028260','삼성물산',127000,18,NULL,NULL,NULL,NULL),
(269,6,'028260','삼성물산',128000,19,NULL,NULL,NULL,NULL),
(270,6,'028260','삼성물산',129000,20,NULL,NULL,NULL,NULL),
(271,6,'028260','삼성물산',130000,21,NULL,NULL,NULL,NULL),
(272,6,'028260','삼성물산',132000,22,NULL,NULL,NULL,NULL),
(273,6,'028260','삼성물산',129000,23,NULL,NULL,NULL,NULL),
(274,6,'028260','삼성물산',132000,24,NULL,NULL,NULL,NULL),
(275,6,'028260','삼성물산',132000,25,NULL,NULL,NULL,NULL),
(276,6,'028260','삼성물산',129000,26,NULL,NULL,NULL,NULL),
(277,6,'028260','삼성물산',132000,27,NULL,NULL,NULL,NULL),
(278,6,'028260','삼성물산',136000,28,NULL,NULL,NULL,NULL),
(279,6,'028260','삼성물산',125000,29,NULL,NULL,NULL,NULL),
(280,6,'028260','삼성물산',126000,30,NULL,NULL,NULL,NULL),
(281,6,'028260','삼성물산',127000,31,NULL,NULL,NULL,NULL),
(282,6,'028260','삼성물산',128000,32,NULL,NULL,NULL,NULL),
(283,6,'028260','삼성물산',129000,33,NULL,NULL,NULL,NULL),
(284,6,'028260','삼성물산',130000,34,NULL,NULL,NULL,NULL),
(285,6,'028260','삼성물산',132000,35,NULL,NULL,NULL,NULL),
(286,6,'028260','삼성물산',129000,36,NULL,NULL,NULL,NULL),
(287,6,'028260','삼성물산',128000,37,NULL,NULL,NULL,NULL),
(288,6,'028260','삼성물산',129000,38,NULL,NULL,NULL,NULL),
(289,6,'028260','삼성물산',130000,39,NULL,NULL,NULL,NULL),
(290,6,'028260','삼성물산',132000,40,NULL,NULL,NULL,NULL),
(291,6,'028260','삼성물산',129000,41,NULL,NULL,NULL,NULL),
(292,6,'028260','삼성물산',132000,42,NULL,NULL,NULL,NULL),
(293,6,'028260','삼성물산',132000,43,NULL,NULL,NULL,NULL),
(294,6,'028260','삼성물산',129000,44,NULL,NULL,NULL,NULL),
(295,6,'028260','삼성물산',132000,45,NULL,NULL,NULL,NULL),
(296,6,'028260','삼성물산',132000,46,NULL,NULL,NULL,NULL),
(297,6,'028260','삼성물산',129000,47,NULL,NULL,NULL,NULL),
(298,6,'028260','삼성물산',132000,48,NULL,NULL,NULL,NULL),
(299,6,'028260','삼성물산',136000,49,NULL,NULL,NULL,NULL),
(300,6,'028260','삼성물산',136000,50,NULL,NULL,NULL,NULL),
(301,7,'000720','현대건설',49000,1,NULL,NULL,NULL,NULL),
(302,7,'000720','현대건설',46000,2,NULL,NULL,NULL,NULL),
(303,7,'000720','현대건설',47000,3,NULL,NULL,NULL,NULL),
(304,7,'000720','현대건설',49000,4,NULL,NULL,NULL,NULL),
(305,7,'000720','현대건설',50000,5,NULL,NULL,NULL,NULL),
(306,7,'000720','현대건설',51000,6,NULL,NULL,NULL,NULL),
(307,7,'000720','현대건설',50000,7,NULL,NULL,NULL,NULL),
(308,7,'000720','현대건설',46000,8,NULL,NULL,NULL,NULL),
(309,7,'000720','현대건설',47000,9,NULL,NULL,NULL,NULL),
(310,7,'000720','현대건설',49000,10,NULL,NULL,NULL,NULL),
(311,7,'000720','현대건설',50000,11,NULL,NULL,NULL,NULL),
(312,7,'000720','현대건설',51000,12,NULL,NULL,NULL,NULL),
(313,7,'000720','현대건설',46000,13,NULL,NULL,NULL,NULL),
(314,7,'000720','현대건설',47000,14,NULL,NULL,NULL,NULL),
(315,7,'000720','현대건설',49000,15,NULL,NULL,NULL,NULL),
(316,7,'000720','현대건설',50000,16,NULL,NULL,NULL,NULL),
(317,7,'000720','현대건설',51000,17,NULL,NULL,NULL,NULL),
(318,7,'000720','현대건설',50000,18,NULL,NULL,NULL,NULL),
(319,7,'000720','현대건설',49000,19,NULL,NULL,NULL,NULL),
(320,7,'000720','현대건설',49000,20,NULL,NULL,NULL,NULL),
(321,7,'000720','현대건설',50000,21,NULL,NULL,NULL,NULL),
(322,7,'000720','현대건설',51000,22,NULL,NULL,NULL,NULL),
(323,7,'000720','현대건설',46000,23,NULL,NULL,NULL,NULL),
(324,7,'000720','현대건설',47000,24,NULL,NULL,NULL,NULL),
(325,7,'000720','현대건설',49000,25,NULL,NULL,NULL,NULL),
(326,7,'000720','현대건설',50000,26,NULL,NULL,NULL,NULL),
(327,7,'000720','현대건설',51000,27,NULL,NULL,NULL,NULL),
(328,7,'000720','현대건설',50000,28,NULL,NULL,NULL,NULL),
(329,7,'000720','현대건설',47000,29,NULL,NULL,NULL,NULL),
(330,7,'000720','현대건설',49000,30,NULL,NULL,NULL,NULL),
(331,7,'000720','현대건설',50000,31,NULL,NULL,NULL,NULL),
(332,7,'000720','현대건설',51000,32,NULL,NULL,NULL,NULL),
(333,7,'000720','현대건설',50000,33,NULL,NULL,NULL,NULL),
(334,7,'000720','현대건설',49000,34,NULL,NULL,NULL,NULL),
(335,7,'000720','현대건설',49000,35,NULL,NULL,NULL,NULL),
(336,7,'000720','현대건설',46000,36,NULL,NULL,NULL,NULL),
(337,7,'000720','현대건설',47000,37,NULL,NULL,NULL,NULL),
(338,7,'000720','현대건설',49000,38,NULL,NULL,NULL,NULL),
(339,7,'000720','현대건설',50000,39,NULL,NULL,NULL,NULL),
(340,7,'000720','현대건설',51000,40,NULL,NULL,NULL,NULL),
(341,7,'000720','현대건설',50000,41,NULL,NULL,NULL,NULL),
(342,7,'000720','현대건설',47000,42,NULL,NULL,NULL,NULL),
(343,7,'000720','현대건설',49000,43,NULL,NULL,NULL,NULL),
(344,7,'000720','현대건설',50000,44,NULL,NULL,NULL,NULL),
(345,7,'000720','현대건설',46000,45,NULL,NULL,NULL,NULL),
(346,7,'000720','현대건설',47000,46,NULL,NULL,NULL,NULL),
(347,7,'000720','현대건설',49000,47,NULL,NULL,NULL,NULL),
(348,7,'000720','현대건설',50000,48,NULL,NULL,NULL,NULL),
(349,7,'000720','현대건설',49000,49,NULL,NULL,NULL,NULL),
(350,7,'000720','현대건설',50000,50,NULL,NULL,NULL,NULL),
(351,8,'042660','대우조선해양',44000,1,NULL,NULL,NULL,NULL),
(352,8,'042660','대우조선해양',45000,2,NULL,NULL,NULL,NULL),
(353,8,'042660','대우조선해양',44000,3,NULL,NULL,NULL,NULL),
(354,8,'042660','대우조선해양',43000,4,NULL,NULL,NULL,NULL),
(355,8,'042660','대우조선해양',42000,5,NULL,NULL,NULL,NULL),
(356,8,'042660','대우조선해양',44000,6,NULL,NULL,NULL,NULL),
(357,8,'042660','대우조선해양',45000,7,NULL,NULL,NULL,NULL),
(358,8,'042660','대우조선해양',46000,8,NULL,NULL,NULL,NULL),
(359,8,'042660','대우조선해양',47000,9,NULL,NULL,NULL,NULL),
(360,8,'042660','대우조선해양',44000,10,NULL,NULL,NULL,NULL),
(361,8,'042660','대우조선해양',45000,11,NULL,NULL,NULL,NULL),
(362,8,'042660','대우조선해양',44000,12,NULL,NULL,NULL,NULL),
(363,8,'042660','대우조선해양',43000,13,NULL,NULL,NULL,NULL),
(364,8,'042660','대우조선해양',42000,14,NULL,NULL,NULL,NULL),
(365,8,'042660','대우조선해양',44000,15,NULL,NULL,NULL,NULL),
(366,8,'042660','대우조선해양',45000,16,NULL,NULL,NULL,NULL),
(367,8,'042660','대우조선해양',46000,17,NULL,NULL,NULL,NULL),
(368,8,'042660','대우조선해양',47000,18,NULL,NULL,NULL,NULL),
(369,8,'042660','대우조선해양',44000,19,NULL,NULL,NULL,NULL),
(370,8,'042660','대우조선해양',45000,20,NULL,NULL,NULL,NULL),
(371,8,'042660','대우조선해양',44000,21,NULL,NULL,NULL,NULL),
(372,8,'042660','대우조선해양',43000,22,NULL,NULL,NULL,NULL),
(373,8,'042660','대우조선해양',42000,23,NULL,NULL,NULL,NULL),
(374,8,'042660','대우조선해양',44000,24,NULL,NULL,NULL,NULL),
(375,8,'042660','대우조선해양',45000,25,NULL,NULL,NULL,NULL),
(376,8,'042660','대우조선해양',46000,26,NULL,NULL,NULL,NULL),
(377,8,'042660','대우조선해양',47000,27,NULL,NULL,NULL,NULL),
(378,8,'042660','대우조선해양',46000,28,NULL,NULL,NULL,NULL),
(379,8,'042660','대우조선해양',47000,29,NULL,NULL,NULL,NULL),
(380,8,'042660','대우조선해양',44000,30,NULL,NULL,NULL,NULL),
(381,8,'042660','대우조선해양',45000,31,NULL,NULL,NULL,NULL),
(382,8,'042660','대우조선해양',44000,32,NULL,NULL,NULL,NULL),
(383,8,'042660','대우조선해양',43000,33,NULL,NULL,NULL,NULL),
(384,8,'042660','대우조선해양',42000,34,NULL,NULL,NULL,NULL),
(385,8,'042660','대우조선해양',44000,35,NULL,NULL,NULL,NULL),
(386,8,'042660','대우조선해양',45000,36,NULL,NULL,NULL,NULL),
(387,8,'042660','대우조선해양',46000,37,NULL,NULL,NULL,NULL),
(388,8,'042660','대우조선해양',47000,38,NULL,NULL,NULL,NULL),
(389,8,'042660','대우조선해양',44000,39,NULL,NULL,NULL,NULL),
(390,8,'042660','대우조선해양',45000,40,NULL,NULL,NULL,NULL),
(391,8,'042660','대우조선해양',44000,41,NULL,NULL,NULL,NULL),
(392,8,'042660','대우조선해양',43000,42,NULL,NULL,NULL,NULL),
(393,8,'042660','대우조선해양',42000,43,NULL,NULL,NULL,NULL),
(394,8,'042660','대우조선해양',44000,44,NULL,NULL,NULL,NULL),
(395,8,'042660','대우조선해양',45000,45,NULL,NULL,NULL,NULL),
(396,8,'042660','대우조선해양',46000,46,NULL,NULL,NULL,NULL),
(397,8,'042660','대우조선해양',47000,47,NULL,NULL,NULL,NULL),
(398,8,'042660','대우조선해양',44000,48,NULL,NULL,NULL,NULL),
(399,8,'042660','대우조선해양',45000,49,NULL,NULL,NULL,NULL),
(400,8,'042660','대우조선해양',44000,50,NULL,NULL,NULL,NULL),
(401,9,'005380','현대차',148000,1,NULL,NULL,NULL,NULL),
(402,9,'005380','현대차',149000,2,NULL,NULL,NULL,NULL),
(403,9,'005380','현대차',148000,3,NULL,NULL,NULL,NULL),
(404,9,'005380','현대차',148000,4,NULL,NULL,NULL,NULL),
(405,9,'005380','현대차',150000,5,NULL,NULL,NULL,NULL),
(406,9,'005380','현대차',149000,6,NULL,NULL,NULL,NULL),
(407,9,'005380','현대차',152000,7,NULL,NULL,NULL,NULL),
(408,9,'005380','현대차',153000,8,NULL,NULL,NULL,NULL),
(409,9,'005380','현대차',155000,9,NULL,NULL,NULL,NULL),
(410,9,'005380','현대차',151000,10,NULL,NULL,NULL,NULL),
(411,9,'005380','현대차',152000,11,NULL,NULL,NULL,NULL),
(412,9,'005380','현대차',151000,12,NULL,NULL,NULL,NULL),
(413,9,'005380','현대차',148000,13,NULL,NULL,NULL,NULL),
(414,9,'005380','현대차',149000,14,NULL,NULL,NULL,NULL),
(415,9,'005380','현대차',148000,15,NULL,NULL,NULL,NULL),
(416,9,'005380','현대차',148000,16,NULL,NULL,NULL,NULL),
(417,9,'005380','현대차',150000,17,NULL,NULL,NULL,NULL),
(418,9,'005380','현대차',149000,18,NULL,NULL,NULL,NULL),
(419,9,'005380','현대차',152000,19,NULL,NULL,NULL,NULL),
(420,9,'005380','현대차',153000,20,NULL,NULL,NULL,NULL),
(421,9,'005380','현대차',155000,21,NULL,NULL,NULL,NULL),
(422,9,'005380','현대차',151000,22,NULL,NULL,NULL,NULL),
(423,9,'005380','현대차',152000,23,NULL,NULL,NULL,NULL),
(424,9,'005380','현대차',152000,24,NULL,NULL,NULL,NULL),
(425,9,'005380','현대차',153000,25,NULL,NULL,NULL,NULL),
(426,9,'005380','현대차',155000,26,NULL,NULL,NULL,NULL),
(427,9,'005380','현대차',151000,27,NULL,NULL,NULL,NULL),
(428,9,'005380','현대차',152000,28,NULL,NULL,NULL,NULL),
(429,9,'005380','현대차',151000,29,NULL,NULL,NULL,NULL),
(430,9,'005380','현대차',148000,30,NULL,NULL,NULL,NULL),
(431,9,'005380','현대차',149000,31,NULL,NULL,NULL,NULL),
(432,9,'005380','현대차',148000,32,NULL,NULL,NULL,NULL),
(433,9,'005380','현대차',148000,33,NULL,NULL,NULL,NULL),
(434,9,'005380','현대차',150000,34,NULL,NULL,NULL,NULL),
(435,9,'005380','현대차',149000,35,NULL,NULL,NULL,NULL),
(436,9,'005380','현대차',152000,36,NULL,NULL,NULL,NULL),
(437,9,'005380','현대차',153000,37,NULL,NULL,NULL,NULL),
(438,9,'005380','현대차',155000,38,NULL,NULL,NULL,NULL),
(439,9,'005380','현대차',153000,39,NULL,NULL,NULL,NULL),
(440,9,'005380','현대차',155000,40,NULL,NULL,NULL,NULL),
(441,9,'005380','현대차',151000,41,NULL,NULL,NULL,NULL),
(442,9,'005380','현대차',152000,42,NULL,NULL,NULL,NULL),
(443,9,'005380','현대차',151000,43,NULL,NULL,NULL,NULL),
(444,9,'005380','현대차',148000,44,NULL,NULL,NULL,NULL),
(445,9,'005380','현대차',149000,45,NULL,NULL,NULL,NULL),
(446,9,'005380','현대차',148000,46,NULL,NULL,NULL,NULL),
(447,9,'005380','현대차',148000,47,NULL,NULL,NULL,NULL),
(448,9,'005380','현대차',150000,48,NULL,NULL,NULL,NULL),
(449,9,'005380','현대차',149000,49,NULL,NULL,NULL,NULL),
(450,9,'005380','현대차',152000,50,NULL,NULL,NULL,NULL),
(451,10,'003490','대한항공',31000,1,NULL,NULL,NULL,NULL),
(452,10,'003490','대한항공',30000,2,NULL,NULL,NULL,NULL),
(453,10,'003490','대한항공',29000,3,NULL,NULL,NULL,NULL),
(454,10,'003490','대한항공',28000,4,NULL,NULL,NULL,NULL),
(455,10,'003490','대한항공',29000,5,NULL,NULL,NULL,NULL),
(456,10,'003490','대한항공',31000,6,NULL,NULL,NULL,NULL),
(457,10,'003490','대한항공',32000,7,NULL,NULL,NULL,NULL),
(458,10,'003490','대한항공',33000,8,NULL,NULL,NULL,NULL),
(459,10,'003490','대한항공',34000,9,NULL,NULL,NULL,NULL),
(460,10,'003490','대한항공',31000,10,NULL,NULL,NULL,NULL),
(461,10,'003490','대한항공',33000,11,NULL,NULL,NULL,NULL),
(462,10,'003490','대한항공',31000,12,NULL,NULL,NULL,NULL),
(463,10,'003490','대한항공',31000,13,NULL,NULL,NULL,NULL),
(464,10,'003490','대한항공',30000,14,NULL,NULL,NULL,NULL),
(465,10,'003490','대한항공',29000,15,NULL,NULL,NULL,NULL),
(466,10,'003490','대한항공',28000,16,NULL,NULL,NULL,NULL),
(467,10,'003490','대한항공',29000,17,NULL,NULL,NULL,NULL),
(468,10,'003490','대한항공',31000,18,NULL,NULL,NULL,NULL),
(469,10,'003490','대한항공',32000,19,NULL,NULL,NULL,NULL),
(470,10,'003490','대한항공',33000,20,NULL,NULL,NULL,NULL),
(471,10,'003490','대한항공',34000,21,NULL,NULL,NULL,NULL),
(472,10,'003490','대한항공',31000,22,NULL,NULL,NULL,NULL),
(473,10,'003490','대한항공',33000,23,NULL,NULL,NULL,NULL),
(474,10,'003490','대한항공',31000,24,NULL,NULL,NULL,NULL),
(475,10,'003490','대한항공',28000,25,NULL,NULL,NULL,NULL),
(476,10,'003490','대한항공',29000,26,NULL,NULL,NULL,NULL),
(477,10,'003490','대한항공',31000,27,NULL,NULL,NULL,NULL),
(478,10,'003490','대한항공',32000,28,NULL,NULL,NULL,NULL),
(479,10,'003490','대한항공',33000,29,NULL,NULL,NULL,NULL),
(480,10,'003490','대한항공',34000,30,NULL,NULL,NULL,NULL),
(481,10,'003490','대한항공',31000,31,NULL,NULL,NULL,NULL),
(482,10,'003490','대한항공',33000,32,NULL,NULL,NULL,NULL),
(483,10,'003490','대한항공',31000,33,NULL,NULL,NULL,NULL),
(484,10,'003490','대한항공',31000,34,NULL,NULL,NULL,NULL),
(485,10,'003490','대한항공',30000,35,NULL,NULL,NULL,NULL),
(486,10,'003490','대한항공',29000,36,NULL,NULL,NULL,NULL),
(487,10,'003490','대한항공',28000,37,NULL,NULL,NULL,NULL),
(488,10,'003490','대한항공',29000,38,NULL,NULL,NULL,NULL),
(489,10,'003490','대한항공',33000,39,NULL,NULL,NULL,NULL),
(490,10,'003490','대한항공',31000,40,NULL,NULL,NULL,NULL),
(491,10,'003490','대한항공',28000,41,NULL,NULL,NULL,NULL),
(492,10,'003490','대한항공',29000,42,NULL,NULL,NULL,NULL),
(493,10,'003490','대한항공',29000,43,NULL,NULL,NULL,NULL),
(494,10,'003490','대한항공',31000,44,NULL,NULL,NULL,NULL),
(495,10,'003490','대한항공',29000,45,NULL,NULL,NULL,NULL),
(496,10,'003490','대한항공',29000,46,NULL,NULL,NULL,NULL),
(497,10,'003490','대한항공',31000,47,NULL,NULL,NULL,NULL),
(498,10,'003490','대한항공',32000,48,NULL,NULL,NULL,NULL),
(499,10,'003490','대한항공',33000,49,NULL,NULL,NULL,NULL),
(500,10,'003490','대한항공',34000,50,NULL,NULL,NULL,NULL),
(501,11,'035720','카카오',83000,1,NULL,NULL,NULL,NULL),
(502,11,'035720','카카오',84000,2,NULL,NULL,NULL,NULL),
(503,11,'035720','카카오',83000,3,NULL,NULL,NULL,NULL),
(504,11,'035720','카카오',84000,4,NULL,NULL,NULL,NULL),
(505,11,'035720','카카오',86000,5,NULL,NULL,NULL,NULL),
(506,11,'035720','카카오',85000,6,NULL,NULL,NULL,NULL),
(507,11,'035720','카카오',83000,7,NULL,NULL,NULL,NULL),
(508,11,'035720','카카오',86000,8,NULL,NULL,NULL,NULL),
(509,11,'035720','카카오',85000,9,NULL,NULL,NULL,NULL),
(510,11,'035720','카카오',84000,10,NULL,NULL,NULL,NULL),
(511,11,'035720','카카오',84000,11,NULL,NULL,NULL,NULL),
(512,11,'035720','카카오',83000,12,NULL,NULL,NULL,NULL),
(513,11,'035720','카카오',84000,13,NULL,NULL,NULL,NULL),
(514,11,'035720','카카오',86000,14,NULL,NULL,NULL,NULL),
(515,11,'035720','카카오',85000,15,NULL,NULL,NULL,NULL),
(516,11,'035720','카카오',83000,16,NULL,NULL,NULL,NULL),
(517,11,'035720','카카오',86000,17,NULL,NULL,NULL,NULL),
(518,11,'035720','카카오',85000,18,NULL,NULL,NULL,NULL),
(519,11,'035720','카카오',84000,19,NULL,NULL,NULL,NULL),
(520,11,'035720','카카오',84000,20,NULL,NULL,NULL,NULL),
(521,11,'035720','카카오',83000,21,NULL,NULL,NULL,NULL),
(522,11,'035720','카카오',84000,22,NULL,NULL,NULL,NULL),
(523,11,'035720','카카오',86000,23,NULL,NULL,NULL,NULL),
(524,11,'035720','카카오',85000,24,NULL,NULL,NULL,NULL),
(525,11,'035720','카카오',83000,25,NULL,NULL,NULL,NULL),
(526,11,'035720','카카오',86000,26,NULL,NULL,NULL,NULL),
(527,11,'035720','카카오',85000,27,NULL,NULL,NULL,NULL),
(528,11,'035720','카카오',84000,28,NULL,NULL,NULL,NULL),
(529,11,'035720','카카오',84000,29,NULL,NULL,NULL,NULL),
(530,11,'035720','카카오',83000,30,NULL,NULL,NULL,NULL),
(531,11,'035720','카카오',84000,31,NULL,NULL,NULL,NULL),
(532,11,'035720','카카오',86000,32,NULL,NULL,NULL,NULL),
(533,11,'035720','카카오',85000,33,NULL,NULL,NULL,NULL),
(534,11,'035720','카카오',83000,34,NULL,NULL,NULL,NULL),
(535,11,'035720','카카오',86000,35,NULL,NULL,NULL,NULL),
(536,11,'035720','카카오',85000,36,NULL,NULL,NULL,NULL),
(537,11,'035720','카카오',84000,37,NULL,NULL,NULL,NULL),
(538,11,'035720','카카오',84000,38,NULL,NULL,NULL,NULL),
(539,11,'035720','카카오',83000,39,NULL,NULL,NULL,NULL),
(540,11,'035720','카카오',84000,40,NULL,NULL,NULL,NULL),
(541,11,'035720','카카오',86000,41,NULL,NULL,NULL,NULL),
(542,11,'035720','카카오',85000,42,NULL,NULL,NULL,NULL),
(543,11,'035720','카카오',84000,43,NULL,NULL,NULL,NULL),
(544,11,'035720','카카오',83000,44,NULL,NULL,NULL,NULL),
(545,11,'035720','카카오',84000,45,NULL,NULL,NULL,NULL),
(546,11,'035720','카카오',86000,46,NULL,NULL,NULL,NULL),
(547,11,'035720','카카오',85000,47,NULL,NULL,NULL,NULL),
(548,11,'035720','카카오',83000,48,NULL,NULL,NULL,NULL),
(549,11,'035720','카카오',86000,49,NULL,NULL,NULL,NULL),
(550,11,'035720','카카오',85000,50,NULL,NULL,NULL,NULL),
(551,12,'005930','삼성전자',192000,1,NULL,NULL,NULL,NULL),
(552,12,'005930','삼성전자',193000,2,NULL,NULL,NULL,NULL),
(553,12,'005930','삼성전자',194000,3,NULL,NULL,NULL,NULL),
(554,12,'005930','삼성전자',192000,4,NULL,NULL,NULL,NULL),
(555,12,'005930','삼성전자',195000,5,NULL,NULL,NULL,NULL),
(556,12,'005930','삼성전자',196000,6,NULL,NULL,NULL,NULL),
(557,12,'005930','삼성전자',193000,7,NULL,NULL,NULL,NULL),
(558,12,'005930','삼성전자',192000,8,NULL,NULL,NULL,NULL),
(559,12,'005930','삼성전자',197000,9,NULL,NULL,NULL,NULL),
(560,12,'005930','삼성전자',196000,10,NULL,NULL,NULL,NULL),
(561,12,'005930','삼성전자',195000,11,NULL,NULL,NULL,NULL),
(562,12,'005930','삼성전자',192000,12,NULL,NULL,NULL,NULL),
(563,12,'005930','삼성전자',193000,13,NULL,NULL,NULL,NULL),
(564,12,'005930','삼성전자',194000,14,NULL,NULL,NULL,NULL),
(565,12,'005930','삼성전자',192000,15,NULL,NULL,NULL,NULL),
(566,12,'005930','삼성전자',195000,16,NULL,NULL,NULL,NULL),
(567,12,'005930','삼성전자',196000,17,NULL,NULL,NULL,NULL),
(568,12,'005930','삼성전자',193000,18,NULL,NULL,NULL,NULL),
(569,12,'005930','삼성전자',192000,19,NULL,NULL,NULL,NULL),
(570,12,'005930','삼성전자',192000,20,NULL,NULL,NULL,NULL),
(571,12,'005930','삼성전자',195000,21,NULL,NULL,NULL,NULL),
(572,12,'005930','삼성전자',196000,22,NULL,NULL,NULL,NULL),
(573,12,'005930','삼성전자',193000,23,NULL,NULL,NULL,NULL),
(574,12,'005930','삼성전자',192000,24,NULL,NULL,NULL,NULL),
(575,12,'005930','삼성전자',197000,25,NULL,NULL,NULL,NULL),
(576,12,'005930','삼성전자',196000,26,NULL,NULL,NULL,NULL),
(577,12,'005930','삼성전자',195000,27,NULL,NULL,NULL,NULL),
(578,12,'005930','삼성전자',192000,28,NULL,NULL,NULL,NULL),
(579,12,'005930','삼성전자',193000,29,NULL,NULL,NULL,NULL),
(580,12,'005930','삼성전자',194000,30,NULL,NULL,NULL,NULL),
(581,12,'005930','삼성전자',193000,31,NULL,NULL,NULL,NULL),
(582,12,'005930','삼성전자',192000,32,NULL,NULL,NULL,NULL),
(583,12,'005930','삼성전자',192000,33,NULL,NULL,NULL,NULL),
(584,12,'005930','삼성전자',195000,34,NULL,NULL,NULL,NULL),
(585,12,'005930','삼성전자',196000,35,NULL,NULL,NULL,NULL),
(586,12,'005930','삼성전자',193000,36,NULL,NULL,NULL,NULL),
(587,12,'005930','삼성전자',192000,37,NULL,NULL,NULL,NULL),
(588,12,'005930','삼성전자',192000,38,NULL,NULL,NULL,NULL),
(589,12,'005930','삼성전자',195000,39,NULL,NULL,NULL,NULL),
(590,12,'005930','삼성전자',196000,40,NULL,NULL,NULL,NULL),
(591,12,'005930','삼성전자',193000,41,NULL,NULL,NULL,NULL),
(592,12,'005930','삼성전자',192000,42,NULL,NULL,NULL,NULL),
(593,12,'005930','삼성전자',192000,43,NULL,NULL,NULL,NULL),
(594,12,'005930','삼성전자',195000,44,NULL,NULL,NULL,NULL),
(595,12,'005930','삼성전자',196000,45,NULL,NULL,NULL,NULL),
(596,12,'005930','삼성전자',194000,46,NULL,NULL,NULL,NULL),
(597,12,'005930','삼성전자',193000,47,NULL,NULL,NULL,NULL),
(598,12,'005930','삼성전자',192000,48,NULL,NULL,NULL,NULL),
(599,12,'005930','삼성전자',192000,49,NULL,NULL,NULL,NULL),
(600,12,'005930','삼성전자',195000,50,NULL,NULL,NULL,NULL);

/*Table structure for table `job016` */

DROP TABLE IF EXISTS `job016`;

CREATE TABLE `job016` (
  `NEWS_KEY` int(10) unsigned NOT NULL AUTO_INCREMENT COMMENT '뉴스KEY',
  `NEWS_CODE` varchar(2) DEFAULT NULL COMMENT '뉴스코드',
  `NEWS_TYPE` varchar(2) DEFAULT NULL COMMENT '뉴스구분',
  `NEWS_HEAD` varchar(32) DEFAULT NULL COMMENT '뉴스해드라인',
  `NEWS_FILE` text COMMENT '뉴스내용',
  `UPDOWN` enum('1','2') DEFAULT '1' COMMENT '등락기준',
  `SEND` tinyint(1) NOT NULL DEFAULT '0' COMMENT '전송유무',
  `INSERT_EMP_NO` varchar(32) NOT NULL COMMENT '최초등록자ID',
  `INSERT_DATE` datetime NOT NULL COMMENT '최초등록일시',
  `UPDATE_EMP_NO` varchar(32) DEFAULT NULL COMMENT '최종수정자ID',
  `UPDATE_DATE` datetime DEFAULT NULL COMMENT '최종수정일시',
  PRIMARY KEY (`NEWS_KEY`)
) ENGINE=InnoDB AUTO_INCREMENT=4 DEFAULT CHARSET=utf8;

/*Data for the table `job016` */

insert  into `job016`(`NEWS_KEY`,`NEWS_CODE`,`NEWS_TYPE`,`NEWS_HEAD`,`NEWS_FILE`,`UPDOWN`,`SEND`,`INSERT_EMP_NO`,`INSERT_DATE`,`UPDATE_EMP_NO`,`UPDATE_DATE`) values 
(1,'01','01','광동제약 신약 발표','광동제약 신약 발표\r\n광동제약 신약 발표\r\n광동제약 신약 발표\r\n광동제약 신약 발표\n광동제약 신약 발표\r\n광동제약 신약 발표\r\n광동제약 신약 발표\r\n','2',1,'','0000-00-00 00:00:00',NULL,NULL),
(2,'02','01','일동제약 문제 있음','일동제약 문제 있음\r\n일동제약 문제 있음\r\n일동제약 문제 있음\r\n일동제약 문제 있음\r\n일동제약 문제 있음\r\n일동제약 문제 있음','1',1,'','0000-00-00 00:00:00',NULL,NULL),
(3,'12','06','삼성전자 1분기 수익 증가','삼성전자 1분기 수익 증가\r\n\r\n삼성전자 1분기 수익 증가\r\n\r\n삼성전자 1분기 수익 증가\r\n','2',1,'','0000-00-00 00:00:00',NULL,NULL);

/*Table structure for table `job017` */

DROP TABLE IF EXISTS `job017`;

CREATE TABLE `job017` (
  `ANAL_KEY` int(10) unsigned NOT NULL AUTO_INCREMENT COMMENT '애널리스트KEY',
  `ANAL_CODE` varchar(2) DEFAULT NULL COMMENT '애널리스트코드',
  `ANAL_TYPE` varchar(2) DEFAULT NULL COMMENT '애널리스트구분',
  `ANAL_HEAD` varchar(32) DEFAULT NULL COMMENT '애널리스트해드라인',
  `ANAL_FILE` text COMMENT '애널리스트내용',
  `UPDOWN` enum('1','2') DEFAULT NULL COMMENT '등락기준',
  `SEND` tinyint(1) NOT NULL DEFAULT '0' COMMENT '전송유무',
  `INSERT_EMP_NO` varchar(32) NOT NULL COMMENT '최초등록자ID',
  `INSERT_DATE` datetime NOT NULL COMMENT '최초등록일시',
  `UPDATE_EMP_NO` varchar(32) DEFAULT NULL COMMENT '최종수정자ID',
  `UPDATE_DATE` datetime DEFAULT NULL COMMENT '최종수정일시',
  PRIMARY KEY (`ANAL_KEY`)
) ENGINE=InnoDB AUTO_INCREMENT=5 DEFAULT CHARSET=utf8;

/*Data for the table `job017` */

insert  into `job017`(`ANAL_KEY`,`ANAL_CODE`,`ANAL_TYPE`,`ANAL_HEAD`,`ANAL_FILE`,`UPDOWN`,`SEND`,`INSERT_EMP_NO`,`INSERT_DATE`,`UPDATE_EMP_NO`,`UPDATE_DATE`) values 
(1,'01','01','제약 업종 수출 전망 양호','제약 업종 수출 전망 양호제약 업종 수출 전망 양호\r\n제약 업종 수출 전망 양호제약 업종 수출 전망 양호\r\n제약 업종 수출 전망 양호\r\n제약 업종 수출 전망 양호','2',1,'','0000-00-00 00:00:00',NULL,NULL),
(2,'02','02','석유화학 업종 내수시장 어두움','석유화학 업종 내수시장 어두움\r\n석유화학 업종 내수시장 어두움\r\n석유화학 업종 내수시장 어두움\r\n석유화학 업종 내수시장 어두움\r\n석유화학 업종 내수시장 어두움석유화학 업종 내수시장 어두움\r\n석유화학 업종 내수시장 어두움\r\n석유화학 업종 내수시장 어두움\r\n석유화학 업종 내수시장 어두움\r\n','1',1,'','0000-00-00 00:00:00',NULL,NULL),
(3,'03','03','식품/유통 업계 바이러스로 비상','식품/유통 업계 바이러스로 비상\r\n\r\n식품/유통 업계 바이러스로 비상\r\n','1',1,'','0000-00-00 00:00:00',NULL,NULL),
(4,'04','04','건설/조선경기 좋아 짐','건설/조선경기 좋아 짐\r\n','2',0,'','0000-00-00 00:00:00',NULL,NULL);

/*Table structure for table `job018` */

DROP TABLE IF EXISTS `job018`;

CREATE TABLE `job018` (
  `GOLD_KEY` int(10) unsigned NOT NULL AUTO_INCREMENT COMMENT '금리변동KEY',
  `GOLD_CODE` varchar(2) DEFAULT NULL COMMENT '금리변동코드',
  `GOLD_DATE` int(11) DEFAULT NULL COMMENT '금리변동일자',
  `GOLD_RATE` int(11) DEFAULT NULL COMMENT '금리가격',
  `INSERT_EMP_NO` varchar(32) DEFAULT NULL COMMENT '최초등록자ID',
  `INSERT_DATE` datetime DEFAULT NULL COMMENT '최초등록일시',
  `UPDATE_EMP_NO` varchar(32) DEFAULT NULL COMMENT '최종수정자ID',
  `UPDATE_DATE` datetime DEFAULT NULL COMMENT '최종수정일시',
  PRIMARY KEY (`GOLD_KEY`)
) ENGINE=InnoDB AUTO_INCREMENT=51 DEFAULT CHARSET=utf8;

/*Data for the table `job018` */

insert  into `job018`(`GOLD_KEY`,`GOLD_CODE`,`GOLD_DATE`,`GOLD_RATE`,`INSERT_EMP_NO`,`INSERT_DATE`,`UPDATE_EMP_NO`,`UPDATE_DATE`) values 
(1,'01',1,2,NULL,NULL,NULL,NULL),
(2,'02',2,1,NULL,NULL,NULL,NULL),
(3,'03',3,2,NULL,NULL,NULL,NULL),
(4,'04',4,3,NULL,NULL,NULL,NULL),
(5,'05',5,2,NULL,NULL,NULL,NULL),
(6,'06',6,2,NULL,NULL,NULL,NULL),
(7,'07',7,2,NULL,NULL,NULL,NULL),
(8,'08',8,3,NULL,NULL,NULL,NULL),
(9,'09',9,2,NULL,NULL,NULL,NULL),
(10,'10',10,2,NULL,NULL,NULL,NULL),
(11,'11',11,3,NULL,NULL,NULL,NULL),
(12,'12',12,2,NULL,NULL,NULL,NULL),
(13,'13',13,2,NULL,NULL,NULL,NULL),
(14,'14',14,3,NULL,NULL,NULL,NULL),
(15,'15',15,2,NULL,NULL,NULL,NULL),
(16,'16',16,3,NULL,NULL,NULL,NULL),
(17,'17',17,4,NULL,NULL,NULL,NULL),
(18,'18',18,2,NULL,NULL,NULL,NULL),
(19,'19',19,3,NULL,NULL,NULL,NULL),
(20,'20',20,1,NULL,NULL,NULL,NULL),
(21,'21',21,2,NULL,NULL,NULL,NULL),
(22,'22',22,1,NULL,NULL,NULL,NULL),
(23,'23',23,3,NULL,NULL,NULL,NULL),
(24,'24',24,2,NULL,NULL,NULL,NULL),
(25,'25',25,2,NULL,NULL,NULL,NULL),
(26,'26',26,3,NULL,NULL,NULL,NULL),
(27,'27',27,2,NULL,NULL,NULL,NULL),
(28,'28',28,2,NULL,NULL,NULL,NULL),
(29,'29',29,3,NULL,NULL,NULL,NULL),
(30,'30',30,2,NULL,NULL,NULL,NULL),
(31,'31',31,2,NULL,NULL,NULL,NULL),
(32,'32',32,3,NULL,NULL,NULL,NULL),
(33,'33',33,2,NULL,NULL,NULL,NULL),
(34,'34',34,3,NULL,NULL,NULL,NULL),
(35,'35',35,4,NULL,NULL,NULL,NULL),
(36,'36',36,2,NULL,NULL,NULL,NULL),
(37,'37',37,3,NULL,NULL,NULL,NULL),
(38,'38',38,1,NULL,NULL,NULL,NULL),
(39,'39',39,2,NULL,NULL,NULL,NULL),
(40,'40',40,2,NULL,NULL,NULL,NULL),
(41,'41',41,2,NULL,NULL,NULL,NULL),
(42,'42',42,3,NULL,NULL,NULL,NULL),
(43,'43',43,2,NULL,NULL,NULL,NULL),
(44,'44',44,2,NULL,NULL,NULL,NULL),
(45,'45',45,3,NULL,NULL,NULL,NULL),
(46,'46',46,2,NULL,NULL,NULL,NULL),
(47,'47',47,2,NULL,NULL,NULL,NULL),
(48,'48',48,3,NULL,NULL,NULL,NULL),
(49,'49',49,2,NULL,NULL,NULL,NULL),
(50,'50',50,3,NULL,NULL,NULL,NULL);

/*Table structure for table `job020` */

DROP TABLE IF EXISTS `job020`;

CREATE TABLE `job020` (
  `BOND_KEY` int(10) unsigned NOT NULL AUTO_INCREMENT COMMENT '채권 KEY\r\n일련번호 자동생성',
  `BOND_TYPE` varchar(2) DEFAULT NULL COMMENT '채권구분 값\r\n국고채 = 01\r\n회사채 = 02',
  `BOND_NAME` varchar(64) DEFAULT NULL COMMENT '채권명\r\n예.\r\n국고채권 02750-1706(14-3)',
  `BOND_CODE` varchar(32) DEFAULT NULL COMMENT '채권표준코드\r\n예\r\nKR103501G463',
  `BOND_TOT` int(11) DEFAULT NULL COMMENT '채권 규모 발행금액',
  `BOND_PRICE` int(11) DEFAULT NULL COMMENT '현재가격(종가기준) 인 날짜',
  `BOND_PER` int(11) DEFAULT NULL COMMENT '예상 수익율\r\n10%\r\n20%\r\n-10%',
  `BOND_INDATE` date DEFAULT NULL COMMENT '날짜정보\r\n예\r\n20160512',
  `BOND_CLDATE` date DEFAULT NULL COMMENT '날짜정보\r\n예\r\n20180512',
  `BOND_BOTIME` int(11) DEFAULT NULL COMMENT '이자계산주기 등록(개월수 등록)\r\n3 \r\n6 \r\n12',
  `BOND_BANK` varchar(32) DEFAULT NULL COMMENT '등록기관 정보 등록\r\n예\r\n한국은행',
  `BOND_PROD` varchar(32) DEFAULT NULL COMMENT '지급등록기관 등록\r\n예\r\n한국\r\n미국\r\n일본',
  `INSERT_EMP_NO` varchar(32) NOT NULL COMMENT '현재 ROW를 최초로 등록한 사람의 사용자 ID',
  `INSERT_DATE` datetime NOT NULL COMMENT '현재 ROW가 최초로 등록된 일시',
  `UPDATE_EMP_NO` varchar(32) DEFAULT NULL COMMENT '현재 ROW를 최종적으로 수정한 사람의 사용자 ID',
  `UPDATE_DATE` datetime DEFAULT NULL COMMENT '현재 ROW가 최종적으로 수정된 일시',
  PRIMARY KEY (`BOND_KEY`)
) ENGINE=InnoDB AUTO_INCREMENT=7 DEFAULT CHARSET=utf8;

/*Data for the table `job020` */

insert  into `job020`(`BOND_KEY`,`BOND_TYPE`,`BOND_NAME`,`BOND_CODE`,`BOND_TOT`,`BOND_PRICE`,`BOND_PER`,`BOND_INDATE`,`BOND_CLDATE`,`BOND_BOTIME`,`BOND_BANK`,`BOND_PROD`,`INSERT_EMP_NO`,`INSERT_DATE`,`UPDATE_EMP_NO`,`UPDATE_DATE`) values 
(1,'01','국고채권01875-2606(16-3)','KR103502G669',50000000,10000,5,'2015-05-10','2025-05-10',3,'한국은행\r\n','한국','','0000-00-00 00:00:00',NULL,NULL),
(2,'01','국민주택1종채권14-05','KR101501D454',60000000,10000,5,'2016-10-10','2026-10-10',3,'한국은행\r\n','한국','','0000-00-00 00:00:00',NULL,NULL),
(3,'01','물가연동국고채권01125-2306(13-4)','KR103502G362',70000000,10000,5,'2017-04-10','2027-04-10',3,'한국은행\r\n','한국','','0000-00-00 00:00:00',NULL,NULL),
(4,'02','한국서부발전32-1','KR6063621694',50000000,10000,10,'2014-08-10','2024-08-10',6,'기업은행\r\n','한국','','0000-00-00 00:00:00',NULL,NULL),
(5,'02','하나금융지주35','KR6086791664',60000000,10000,20,'2015-03-10','2025-03-10',6,'하나은행\r\n','한국','','0000-00-00 00:00:00',NULL,NULL),
(6,'02','현대제철119-1','KR60040216A8',70000000,10000,30,'2016-02-10','2026-02-10',6,'신한은행\r\n','한국','','0000-00-00 00:00:00',NULL,NULL);

/*Table structure for table `job021` */

DROP TABLE IF EXISTS `job021`;

CREATE TABLE `job021` (
  `BOND_KEY` int(10) unsigned NOT NULL COMMENT '채권정보 KEY 정보\r\n채권중 회사채일 경우 연결 한다.',
  `CREDIT_DATE` int(10) unsigned NOT NULL COMMENT '신용등급 변경일',
  `CREDIT_RANK` varchar(3) DEFAULT NULL COMMENT '신용등급\r\n예\r\nAAA\r\nAA\r\nA\r\nBBB\r\nBB\r\nB\r\nCCC\r\n....',
  `CREDIT_MEMO` varchar(512) DEFAULT NULL COMMENT '등급정의 설명\r\nAAA = 상거래 위한 신용능력이 최우량급이며, 환경변화에 충분한 대처가 가능한 기업',
  `CREDIT_SCORE` int(11) DEFAULT NULL COMMENT '신용등급별로 점수를 부여 한다.\r\n예\r\nAAA = 6 (향후 순익 계산할때..해당 점수를 포함하여 순이익을 계산해준다.)\r\nAA =5\r\nA = 4\r\nBBB =3\r\nBB=2\r\nB=1\r\nCCC = -1\r\nCC= -2\r\n...',
  `INSERT_EMP_NO` varchar(32) DEFAULT NULL COMMENT '현재 ROW를 최초로 등록한 사람의 사용자 ID',
  `INSERT_DATE` datetime DEFAULT NULL COMMENT '현재 ROW가 최초로 등록된 일시',
  `UPDATE_EMP_NO` varchar(32) DEFAULT NULL COMMENT '현재 ROW를 최종적으로 수정한 사람의 사용자 ID',
  `UPDATE_DATE` datetime DEFAULT NULL COMMENT '현재 ROW가 최종적으로 수정된 일시'
) ENGINE=InnoDB DEFAULT CHARSET=utf8;

/*Data for the table `job021` */

insert  into `job021`(`BOND_KEY`,`CREDIT_DATE`,`CREDIT_RANK`,`CREDIT_MEMO`,`CREDIT_SCORE`,`INSERT_EMP_NO`,`INSERT_DATE`,`UPDATE_EMP_NO`,`UPDATE_DATE`) values 
(4,1,'A','메모 신용등급에 따른 등급정의값',4,NULL,NULL,NULL,NULL),
(4,2,'A','메모 신용등급에 따른 내용',4,NULL,NULL,NULL,NULL),
(4,3,'A','메모 신용등급에 따른 내용',4,NULL,NULL,NULL,NULL),
(4,4,'BB','메모 신용등급에 따른 내용',2,NULL,NULL,NULL,NULL),
(4,5,'BBB','메모 신용등급에 따른 내용',3,NULL,NULL,NULL,NULL),
(4,6,'BB','메모 신용등급에 따른 내용',2,NULL,NULL,NULL,NULL),
(4,7,'A','메모 신용등급에 따른 내용',4,NULL,NULL,NULL,NULL),
(4,8,'A','메모 신용등급에 따른 내용',4,NULL,NULL,NULL,NULL),
(4,9,'A','메모 신용등급에 따른 내용',4,NULL,NULL,NULL,NULL),
(4,10,'BB','메모 신용등급에 따른 내용',2,NULL,NULL,NULL,NULL),
(4,11,'BB','메모 신용등급에 따른 내용',2,NULL,NULL,NULL,NULL),
(4,12,'BB','메모 신용등급에 따른 내용',2,NULL,NULL,NULL,NULL),
(4,13,'BB','',2,NULL,NULL,NULL,NULL),
(4,14,'BBB','',3,NULL,NULL,NULL,NULL),
(4,15,'BBB','',3,NULL,NULL,NULL,NULL),
(4,16,'BBB','',3,NULL,NULL,NULL,NULL),
(4,17,'A','',4,NULL,NULL,NULL,NULL),
(4,18,'A','',4,NULL,NULL,NULL,NULL),
(4,19,'A','',4,NULL,NULL,NULL,NULL),
(4,20,'A','',4,NULL,NULL,NULL,NULL),
(4,21,'A','',4,NULL,NULL,NULL,NULL),
(4,22,'A','',4,NULL,NULL,NULL,NULL),
(4,23,'BB','',2,NULL,NULL,NULL,NULL),
(4,24,'B','',1,NULL,NULL,NULL,NULL),
(4,25,'BB','',2,NULL,NULL,NULL,NULL),
(4,26,'BB','',2,NULL,NULL,NULL,NULL),
(4,27,'BB','',2,NULL,NULL,NULL,NULL),
(4,28,'BB','',2,NULL,NULL,NULL,NULL),
(4,29,'BB','',2,NULL,NULL,NULL,NULL),
(4,30,'A','',4,NULL,NULL,NULL,NULL),
(4,31,'BBB','',3,NULL,NULL,NULL,NULL),
(4,32,'BBB','',3,NULL,NULL,NULL,NULL),
(4,33,'BB','',2,NULL,NULL,NULL,NULL),
(4,34,'A','',4,NULL,NULL,NULL,NULL),
(4,35,'A','',4,NULL,NULL,NULL,NULL),
(4,36,'A','',4,NULL,NULL,NULL,NULL),
(4,37,'BB','',2,NULL,NULL,NULL,NULL),
(4,38,'BB','',2,NULL,NULL,NULL,NULL),
(4,39,'BB','',2,NULL,NULL,NULL,NULL),
(4,40,'BB','',2,NULL,NULL,NULL,NULL),
(4,41,'BBB','',3,NULL,NULL,NULL,NULL),
(4,42,'BBB','',3,NULL,NULL,NULL,NULL),
(4,43,'BBB','',3,NULL,NULL,NULL,NULL),
(4,44,'A','',4,NULL,NULL,NULL,NULL),
(4,45,'A','',4,NULL,NULL,NULL,NULL),
(4,46,'A','',4,NULL,NULL,NULL,NULL),
(4,47,'BBB','',3,NULL,NULL,NULL,NULL),
(4,48,'A','',4,NULL,NULL,NULL,NULL),
(4,49,'A','',4,NULL,NULL,NULL,NULL),
(4,50,'A','',4,NULL,NULL,NULL,NULL),
(5,1,'A','',4,NULL,NULL,NULL,NULL),
(5,2,'BB','',2,NULL,NULL,NULL,NULL),
(5,3,'BBB','',3,NULL,NULL,NULL,NULL),
(5,4,'BB','',2,NULL,NULL,NULL,NULL),
(5,5,'A','',4,NULL,NULL,NULL,NULL),
(5,6,'A','',4,NULL,NULL,NULL,NULL),
(5,7,'A','',4,NULL,NULL,NULL,NULL),
(5,8,'BB','',2,NULL,NULL,NULL,NULL),
(5,9,'BB','',2,NULL,NULL,NULL,NULL),
(5,10,'BB','',2,NULL,NULL,NULL,NULL),
(5,11,'BB','',2,NULL,NULL,NULL,NULL),
(5,12,'BBB','',3,NULL,NULL,NULL,NULL),
(5,13,'BBB','',3,NULL,NULL,NULL,NULL),
(5,14,'BBB','',3,NULL,NULL,NULL,NULL),
(5,15,'A','',4,NULL,NULL,NULL,NULL),
(5,16,'A','',4,NULL,NULL,NULL,NULL),
(5,17,'A','',4,NULL,NULL,NULL,NULL),
(5,18,'A','',4,NULL,NULL,NULL,NULL),
(5,19,'A','',4,NULL,NULL,NULL,NULL),
(5,20,'A','',4,NULL,NULL,NULL,NULL),
(5,21,'BB','',2,NULL,NULL,NULL,NULL),
(5,22,'B','',1,NULL,NULL,NULL,NULL),
(5,23,'BB','',2,NULL,NULL,NULL,NULL),
(5,24,'BB','',2,NULL,NULL,NULL,NULL),
(5,25,'BB','',2,NULL,NULL,NULL,NULL),
(5,26,'BB','',2,NULL,NULL,NULL,NULL),
(5,27,'BB','',2,NULL,NULL,NULL,NULL),
(5,28,'A','',4,NULL,NULL,NULL,NULL),
(5,29,'BBB','',3,NULL,NULL,NULL,NULL),
(5,30,'BBB','',3,NULL,NULL,NULL,NULL),
(5,31,'BBB','',3,NULL,NULL,NULL,NULL),
(5,32,'BBB','',3,NULL,NULL,NULL,NULL),
(5,33,'A','',4,NULL,NULL,NULL,NULL),
(5,34,'A','',4,NULL,NULL,NULL,NULL),
(5,35,'A','',4,NULL,NULL,NULL,NULL),
(5,36,'A','',4,NULL,NULL,NULL,NULL),
(5,37,'A','',4,NULL,NULL,NULL,NULL),
(5,38,'A','',4,NULL,NULL,NULL,NULL),
(5,39,'BB','',2,NULL,NULL,NULL,NULL),
(5,40,'B','',1,NULL,NULL,NULL,NULL),
(5,41,'BB','',2,NULL,NULL,NULL,NULL),
(5,42,'BB','',2,NULL,NULL,NULL,NULL),
(5,43,'BB','',2,NULL,NULL,NULL,NULL),
(5,44,'BB','',2,NULL,NULL,NULL,NULL),
(5,45,'BB','',2,NULL,NULL,NULL,NULL),
(5,46,'A','',4,NULL,NULL,NULL,NULL),
(5,47,'BBB','',3,NULL,NULL,NULL,NULL),
(5,48,'BBB','',3,NULL,NULL,NULL,NULL),
(5,49,'BBB','',3,NULL,NULL,NULL,NULL),
(5,50,'BBB','',3,NULL,NULL,NULL,NULL),
(6,1,'A','',4,NULL,NULL,NULL,NULL),
(6,2,'A','',4,NULL,NULL,NULL,NULL),
(6,3,'BB','',2,NULL,NULL,NULL,NULL),
(6,4,'BB','',2,NULL,NULL,NULL,NULL),
(6,5,'BB','',2,NULL,NULL,NULL,NULL),
(6,6,'BB','',2,NULL,NULL,NULL,NULL),
(6,7,'BBB','',3,NULL,NULL,NULL,NULL),
(6,8,'BBB','',3,NULL,NULL,NULL,NULL),
(6,9,'BBB','',3,NULL,NULL,NULL,NULL),
(6,10,'A','',4,NULL,NULL,NULL,NULL),
(6,11,'A','',4,NULL,NULL,NULL,NULL),
(6,12,'A','',4,NULL,NULL,NULL,NULL),
(6,13,'A','',4,NULL,NULL,NULL,NULL),
(6,14,'A','',4,NULL,NULL,NULL,NULL),
(6,15,'A','',4,NULL,NULL,NULL,NULL),
(6,16,'BB','',2,NULL,NULL,NULL,NULL),
(6,17,'B','',1,NULL,NULL,NULL,NULL),
(6,18,'BB','',2,NULL,NULL,NULL,NULL),
(6,19,'BB','',2,NULL,NULL,NULL,NULL),
(6,20,'BB','',2,NULL,NULL,NULL,NULL),
(6,21,'A','',4,NULL,NULL,NULL,NULL),
(6,22,'BBB','',3,NULL,NULL,NULL,NULL),
(6,23,'BBB','',3,NULL,NULL,NULL,NULL),
(6,24,'BBB','',3,NULL,NULL,NULL,NULL),
(6,25,'BBB','',3,NULL,NULL,NULL,NULL),
(6,26,'A','',4,NULL,NULL,NULL,NULL),
(6,27,'A','',4,NULL,NULL,NULL,NULL),
(6,28,'BB','',2,NULL,NULL,NULL,NULL),
(6,29,'BB','',2,NULL,NULL,NULL,NULL),
(6,30,'BB','',2,NULL,NULL,NULL,NULL),
(6,31,'BB','',2,NULL,NULL,NULL,NULL),
(6,32,'BBB','',3,NULL,NULL,NULL,NULL),
(6,33,'BBB','',3,NULL,NULL,NULL,NULL),
(6,34,'BBB','',3,NULL,NULL,NULL,NULL),
(6,35,'A','',4,NULL,NULL,NULL,NULL),
(6,36,'BB','',2,NULL,NULL,NULL,NULL),
(6,37,'BBB','',3,NULL,NULL,NULL,NULL),
(6,38,'BBB','',3,NULL,NULL,NULL,NULL),
(6,39,'BBB','',3,NULL,NULL,NULL,NULL),
(6,40,'A','',4,NULL,NULL,NULL,NULL),
(6,41,'A','',4,NULL,NULL,NULL,NULL),
(6,42,'A','',4,NULL,NULL,NULL,NULL),
(6,43,'A','',4,NULL,NULL,NULL,NULL),
(6,44,'A','',4,NULL,NULL,NULL,NULL),
(6,45,'BBB','',3,NULL,NULL,NULL,NULL),
(6,46,'BBB','',3,NULL,NULL,NULL,NULL),
(6,47,'BBB','',3,NULL,NULL,NULL,NULL),
(6,48,'BBB','',3,NULL,NULL,NULL,NULL),
(6,49,'A','',4,NULL,NULL,NULL,NULL),
(6,50,'A','',4,NULL,NULL,NULL,NULL);

/*Table structure for table `job022` */

DROP TABLE IF EXISTS `job022`;

CREATE TABLE `job022` (
  `BOND_KEY` int(10) unsigned NOT NULL COMMENT '채권 KEY',
  `BOND_DATE` int(11) DEFAULT NULL COMMENT '월별로 채권 금액정보를 등록 해놓는다.\r\n1~50 개의 자료',
  `BOND_NOWPRICE` int(11) DEFAULT NULL COMMENT '월별로 채권 금액정보를 등록 해놓는다.\r\n예\r\n1= 10,000\r\n2 = 11,000\r\n3 =  9,000\r\n..',
  `BOND_ADDPAY` int(11) DEFAULT NULL COMMENT '월별로 채권 이자 금액정보를 등록 해놓는다.\r\n예\r\n1달= 100\r\n2달 = 200\r\n3달 = 300',
  `INSERT_EMP_NO` varchar(32) DEFAULT NULL,
  `INSERT_DATE` datetime DEFAULT NULL,
  `UPDATE_EMP_NO` varchar(32) DEFAULT NULL,
  `UPDATE_DATE` datetime DEFAULT NULL
) ENGINE=InnoDB DEFAULT CHARSET=utf8;

/*Data for the table `job022` */

insert  into `job022`(`BOND_KEY`,`BOND_DATE`,`BOND_NOWPRICE`,`BOND_ADDPAY`,`INSERT_EMP_NO`,`INSERT_DATE`,`UPDATE_EMP_NO`,`UPDATE_DATE`) values 
(1,1,10300,NULL,NULL,NULL,NULL,NULL),
(1,2,10310,NULL,NULL,NULL,NULL,NULL),
(1,3,10320,NULL,NULL,NULL,NULL,NULL),
(1,4,10330,NULL,NULL,NULL,NULL,NULL),
(1,5,10340,NULL,NULL,NULL,NULL,NULL),
(1,6,10350,NULL,NULL,NULL,NULL,NULL),
(1,7,10360,NULL,NULL,NULL,NULL,NULL),
(1,8,10370,NULL,NULL,NULL,NULL,NULL),
(1,9,10380,NULL,NULL,NULL,NULL,NULL),
(1,10,10390,NULL,NULL,NULL,NULL,NULL),
(1,11,10400,NULL,NULL,NULL,NULL,NULL),
(1,12,10410,NULL,NULL,NULL,NULL,NULL),
(1,13,10420,NULL,NULL,NULL,NULL,NULL),
(1,14,10430,NULL,NULL,NULL,NULL,NULL),
(1,15,10440,NULL,NULL,NULL,NULL,NULL),
(1,16,10450,NULL,NULL,NULL,NULL,NULL),
(1,17,10460,NULL,NULL,NULL,NULL,NULL),
(1,18,10470,NULL,NULL,NULL,NULL,NULL),
(1,19,10480,NULL,NULL,NULL,NULL,NULL),
(1,20,10490,NULL,NULL,NULL,NULL,NULL),
(1,21,10990,NULL,NULL,NULL,NULL,NULL),
(1,22,10100,NULL,NULL,NULL,NULL,NULL),
(1,23,10510,NULL,NULL,NULL,NULL,NULL),
(1,24,10520,NULL,NULL,NULL,NULL,NULL),
(1,25,10530,NULL,NULL,NULL,NULL,NULL),
(1,26,10540,NULL,NULL,NULL,NULL,NULL),
(1,27,10650,NULL,NULL,NULL,NULL,NULL),
(1,28,10660,NULL,NULL,NULL,NULL,NULL),
(1,29,10570,NULL,NULL,NULL,NULL,NULL),
(1,30,10580,NULL,NULL,NULL,NULL,NULL),
(1,31,10590,NULL,NULL,NULL,NULL,NULL),
(1,32,10600,NULL,NULL,NULL,NULL,NULL),
(1,33,10610,NULL,NULL,NULL,NULL,NULL),
(1,34,10720,NULL,NULL,NULL,NULL,NULL),
(1,35,10730,NULL,NULL,NULL,NULL,NULL),
(1,36,10840,NULL,NULL,NULL,NULL,NULL),
(1,37,10850,NULL,NULL,NULL,NULL,NULL),
(1,38,10660,NULL,NULL,NULL,NULL,NULL),
(1,39,10670,NULL,NULL,NULL,NULL,NULL),
(1,40,10680,NULL,NULL,NULL,NULL,NULL),
(1,41,10690,NULL,NULL,NULL,NULL,NULL),
(1,42,10700,NULL,NULL,NULL,NULL,NULL),
(1,43,10710,NULL,NULL,NULL,NULL,NULL),
(1,44,10920,NULL,NULL,NULL,NULL,NULL),
(1,45,10740,NULL,NULL,NULL,NULL,NULL),
(1,46,10750,NULL,NULL,NULL,NULL,NULL),
(1,47,10760,NULL,NULL,NULL,NULL,NULL),
(1,48,10770,NULL,NULL,NULL,NULL,NULL),
(1,49,10780,NULL,NULL,NULL,NULL,NULL),
(1,50,10790,NULL,NULL,NULL,NULL,NULL),
(2,1,10500,NULL,NULL,NULL,NULL,NULL),
(2,2,10510,NULL,NULL,NULL,NULL,NULL),
(2,3,10520,NULL,NULL,NULL,NULL,NULL),
(2,4,10530,NULL,NULL,NULL,NULL,NULL),
(2,5,10540,NULL,NULL,NULL,NULL,NULL),
(2,6,10550,NULL,NULL,NULL,NULL,NULL),
(2,7,10560,NULL,NULL,NULL,NULL,NULL),
(2,8,10570,NULL,NULL,NULL,NULL,NULL),
(2,9,10580,NULL,NULL,NULL,NULL,NULL),
(2,10,10590,NULL,NULL,NULL,NULL,NULL),
(2,11,10600,NULL,NULL,NULL,NULL,NULL),
(2,12,10610,NULL,NULL,NULL,NULL,NULL),
(2,13,10620,NULL,NULL,NULL,NULL,NULL),
(2,14,10630,NULL,NULL,NULL,NULL,NULL),
(2,15,10640,NULL,NULL,NULL,NULL,NULL),
(2,16,10650,NULL,NULL,NULL,NULL,NULL),
(2,17,10660,NULL,NULL,NULL,NULL,NULL),
(2,18,10670,NULL,NULL,NULL,NULL,NULL),
(2,19,10680,NULL,NULL,NULL,NULL,NULL),
(2,20,10690,NULL,NULL,NULL,NULL,NULL),
(2,21,10700,NULL,NULL,NULL,NULL,NULL),
(2,22,10710,NULL,NULL,NULL,NULL,NULL),
(2,23,10720,NULL,NULL,NULL,NULL,NULL),
(2,24,10730,NULL,NULL,NULL,NULL,NULL),
(2,25,10740,NULL,NULL,NULL,NULL,NULL),
(2,26,10750,NULL,NULL,NULL,NULL,NULL),
(2,27,10760,NULL,NULL,NULL,NULL,NULL),
(2,28,10770,NULL,NULL,NULL,NULL,NULL),
(2,29,10780,NULL,NULL,NULL,NULL,NULL),
(2,30,10790,NULL,NULL,NULL,NULL,NULL),
(2,31,10800,NULL,NULL,NULL,NULL,NULL),
(2,32,10810,NULL,NULL,NULL,NULL,NULL),
(2,33,10820,NULL,NULL,NULL,NULL,NULL),
(2,34,10830,NULL,NULL,NULL,NULL,NULL),
(2,35,10840,NULL,NULL,NULL,NULL,NULL),
(2,36,10850,NULL,NULL,NULL,NULL,NULL),
(2,37,10860,NULL,NULL,NULL,NULL,NULL),
(2,38,10870,NULL,NULL,NULL,NULL,NULL),
(2,39,10880,NULL,NULL,NULL,NULL,NULL),
(2,40,10890,NULL,NULL,NULL,NULL,NULL),
(2,41,10900,NULL,NULL,NULL,NULL,NULL),
(2,42,10910,NULL,NULL,NULL,NULL,NULL),
(2,43,10920,NULL,NULL,NULL,NULL,NULL),
(2,44,10930,NULL,NULL,NULL,NULL,NULL),
(2,45,10940,NULL,NULL,NULL,NULL,NULL),
(2,46,10950,NULL,NULL,NULL,NULL,NULL),
(2,47,10960,NULL,NULL,NULL,NULL,NULL),
(2,48,10970,NULL,NULL,NULL,NULL,NULL),
(2,49,10980,NULL,NULL,NULL,NULL,NULL),
(2,50,10990,NULL,NULL,NULL,NULL,NULL),
(3,1,10500,NULL,NULL,NULL,NULL,NULL),
(3,2,10510,NULL,NULL,NULL,NULL,NULL),
(3,3,10520,NULL,NULL,NULL,NULL,NULL),
(3,4,10530,NULL,NULL,NULL,NULL,NULL),
(3,5,10540,NULL,NULL,NULL,NULL,NULL),
(3,6,10550,NULL,NULL,NULL,NULL,NULL),
(3,7,10560,NULL,NULL,NULL,NULL,NULL),
(3,8,10570,NULL,NULL,NULL,NULL,NULL),
(3,9,10580,NULL,NULL,NULL,NULL,NULL),
(3,10,10590,NULL,NULL,NULL,NULL,NULL),
(3,11,10600,NULL,NULL,NULL,NULL,NULL),
(3,12,10610,NULL,NULL,NULL,NULL,NULL),
(3,13,10620,NULL,NULL,NULL,NULL,NULL),
(3,14,10630,NULL,NULL,NULL,NULL,NULL),
(3,15,10640,NULL,NULL,NULL,NULL,NULL),
(3,16,10650,NULL,NULL,NULL,NULL,NULL),
(3,17,10660,NULL,NULL,NULL,NULL,NULL),
(3,18,10670,NULL,NULL,NULL,NULL,NULL),
(3,19,10680,NULL,NULL,NULL,NULL,NULL),
(3,20,10690,NULL,NULL,NULL,NULL,NULL),
(3,21,10700,NULL,NULL,NULL,NULL,NULL),
(3,22,10710,NULL,NULL,NULL,NULL,NULL),
(3,23,10720,NULL,NULL,NULL,NULL,NULL),
(3,24,10730,NULL,NULL,NULL,NULL,NULL),
(3,25,10740,NULL,NULL,NULL,NULL,NULL),
(3,26,10750,NULL,NULL,NULL,NULL,NULL),
(3,27,10760,NULL,NULL,NULL,NULL,NULL),
(3,28,10770,NULL,NULL,NULL,NULL,NULL),
(3,29,10780,NULL,NULL,NULL,NULL,NULL),
(3,30,10790,NULL,NULL,NULL,NULL,NULL),
(3,31,10800,NULL,NULL,NULL,NULL,NULL),
(3,32,10810,NULL,NULL,NULL,NULL,NULL),
(3,33,10820,NULL,NULL,NULL,NULL,NULL),
(3,34,10830,NULL,NULL,NULL,NULL,NULL),
(3,35,10840,NULL,NULL,NULL,NULL,NULL),
(3,36,10850,NULL,NULL,NULL,NULL,NULL),
(3,37,10860,NULL,NULL,NULL,NULL,NULL),
(3,38,10870,NULL,NULL,NULL,NULL,NULL),
(3,39,10880,NULL,NULL,NULL,NULL,NULL),
(3,40,10890,NULL,NULL,NULL,NULL,NULL),
(3,41,10900,NULL,NULL,NULL,NULL,NULL),
(3,42,10910,NULL,NULL,NULL,NULL,NULL),
(3,43,10920,NULL,NULL,NULL,NULL,NULL),
(3,44,10930,NULL,NULL,NULL,NULL,NULL),
(3,45,10940,NULL,NULL,NULL,NULL,NULL),
(3,46,10950,NULL,NULL,NULL,NULL,NULL),
(3,47,10960,NULL,NULL,NULL,NULL,NULL),
(3,48,10970,NULL,NULL,NULL,NULL,NULL),
(3,49,10980,NULL,NULL,NULL,NULL,NULL),
(3,50,10990,NULL,NULL,NULL,NULL,NULL),
(4,1,10100,NULL,NULL,NULL,NULL,NULL),
(4,2,10510,NULL,NULL,NULL,NULL,NULL),
(4,3,10520,NULL,NULL,NULL,NULL,NULL),
(4,4,10530,NULL,NULL,NULL,NULL,NULL),
(4,5,10540,NULL,NULL,NULL,NULL,NULL),
(4,6,10650,NULL,NULL,NULL,NULL,NULL),
(4,7,10660,NULL,NULL,NULL,NULL,NULL),
(4,8,10570,NULL,NULL,NULL,NULL,NULL),
(4,9,10580,NULL,NULL,NULL,NULL,NULL),
(4,10,10590,NULL,NULL,NULL,NULL,NULL),
(4,11,10600,NULL,NULL,NULL,NULL,NULL),
(4,12,10610,NULL,NULL,NULL,NULL,NULL),
(4,13,10720,NULL,NULL,NULL,NULL,NULL),
(4,14,10730,NULL,NULL,NULL,NULL,NULL),
(4,15,10840,NULL,NULL,NULL,NULL,NULL),
(4,16,10850,NULL,NULL,NULL,NULL,NULL),
(4,17,10660,NULL,NULL,NULL,NULL,NULL),
(4,18,10670,NULL,NULL,NULL,NULL,NULL),
(4,19,10680,NULL,NULL,NULL,NULL,NULL),
(4,20,10690,NULL,NULL,NULL,NULL,NULL),
(4,21,10700,NULL,NULL,NULL,NULL,NULL),
(4,22,10710,NULL,NULL,NULL,NULL,NULL),
(4,23,10920,NULL,NULL,NULL,NULL,NULL),
(4,24,10930,NULL,NULL,NULL,NULL,NULL),
(4,25,10940,NULL,NULL,NULL,NULL,NULL),
(4,26,10750,NULL,NULL,NULL,NULL,NULL),
(4,27,10580,NULL,NULL,NULL,NULL,NULL),
(4,28,10590,NULL,NULL,NULL,NULL,NULL),
(4,29,10600,NULL,NULL,NULL,NULL,NULL),
(4,30,10610,NULL,NULL,NULL,NULL,NULL),
(4,31,10720,NULL,NULL,NULL,NULL,NULL),
(4,32,10730,NULL,NULL,NULL,NULL,NULL),
(4,33,10840,NULL,NULL,NULL,NULL,NULL),
(4,34,10850,NULL,NULL,NULL,NULL,NULL),
(4,35,10660,NULL,NULL,NULL,NULL,NULL),
(4,36,10670,NULL,NULL,NULL,NULL,NULL),
(4,37,10680,NULL,NULL,NULL,NULL,NULL),
(4,38,10690,NULL,NULL,NULL,NULL,NULL),
(4,39,10700,NULL,NULL,NULL,NULL,NULL),
(4,40,10710,NULL,NULL,NULL,NULL,NULL),
(4,41,10920,NULL,NULL,NULL,NULL,NULL),
(4,42,10930,NULL,NULL,NULL,NULL,NULL),
(4,43,10940,NULL,NULL,NULL,NULL,NULL),
(4,44,10930,NULL,NULL,NULL,NULL,NULL),
(4,45,10940,NULL,NULL,NULL,NULL,NULL),
(4,46,10950,NULL,NULL,NULL,NULL,NULL),
(4,47,10960,NULL,NULL,NULL,NULL,NULL),
(4,48,10970,NULL,NULL,NULL,NULL,NULL),
(4,49,10980,NULL,NULL,NULL,NULL,NULL),
(4,50,10990,NULL,NULL,NULL,NULL,NULL),
(5,1,10800,NULL,NULL,NULL,NULL,NULL),
(5,2,10810,NULL,NULL,NULL,NULL,NULL),
(5,3,10820,NULL,NULL,NULL,NULL,NULL),
(5,4,10830,NULL,NULL,NULL,NULL,NULL),
(5,5,10840,NULL,NULL,NULL,NULL,NULL),
(5,6,10850,NULL,NULL,NULL,NULL,NULL),
(5,7,10860,NULL,NULL,NULL,NULL,NULL),
(5,8,10870,NULL,NULL,NULL,NULL,NULL),
(5,9,10880,NULL,NULL,NULL,NULL,NULL),
(5,10,10890,NULL,NULL,NULL,NULL,NULL),
(5,11,10900,NULL,NULL,NULL,NULL,NULL),
(5,12,10910,NULL,NULL,NULL,NULL,NULL),
(5,13,10920,NULL,NULL,NULL,NULL,NULL),
(5,14,10930,NULL,NULL,NULL,NULL,NULL),
(5,15,10940,NULL,NULL,NULL,NULL,NULL),
(5,16,10950,NULL,NULL,NULL,NULL,NULL),
(5,17,10960,NULL,NULL,NULL,NULL,NULL),
(5,18,10970,NULL,NULL,NULL,NULL,NULL),
(5,19,10980,NULL,NULL,NULL,NULL,NULL),
(5,20,10990,NULL,NULL,NULL,NULL,NULL),
(5,21,10100,NULL,NULL,NULL,NULL,NULL),
(5,22,10510,NULL,NULL,NULL,NULL,NULL),
(5,23,10520,NULL,NULL,NULL,NULL,NULL),
(5,24,10530,NULL,NULL,NULL,NULL,NULL),
(5,25,10540,NULL,NULL,NULL,NULL,NULL),
(5,26,10650,NULL,NULL,NULL,NULL,NULL),
(5,27,10660,NULL,NULL,NULL,NULL,NULL),
(5,28,10570,NULL,NULL,NULL,NULL,NULL),
(5,29,10580,NULL,NULL,NULL,NULL,NULL),
(5,30,10590,NULL,NULL,NULL,NULL,NULL),
(5,31,10600,NULL,NULL,NULL,NULL,NULL),
(5,32,10610,NULL,NULL,NULL,NULL,NULL),
(5,33,10720,NULL,NULL,NULL,NULL,NULL),
(5,34,10730,NULL,NULL,NULL,NULL,NULL),
(5,35,10840,NULL,NULL,NULL,NULL,NULL),
(5,36,10850,NULL,NULL,NULL,NULL,NULL),
(5,37,10660,NULL,NULL,NULL,NULL,NULL),
(5,38,10670,NULL,NULL,NULL,NULL,NULL),
(5,39,10680,NULL,NULL,NULL,NULL,NULL),
(5,40,10690,NULL,NULL,NULL,NULL,NULL),
(5,41,10700,NULL,NULL,NULL,NULL,NULL),
(5,42,10710,NULL,NULL,NULL,NULL,NULL),
(5,43,10920,NULL,NULL,NULL,NULL,NULL),
(5,44,10930,NULL,NULL,NULL,NULL,NULL),
(5,45,10940,NULL,NULL,NULL,NULL,NULL),
(5,46,10750,NULL,NULL,NULL,NULL,NULL),
(5,47,10580,NULL,NULL,NULL,NULL,NULL),
(5,48,10590,NULL,NULL,NULL,NULL,NULL),
(5,49,10600,NULL,NULL,NULL,NULL,NULL),
(5,50,10610,NULL,NULL,NULL,NULL,NULL),
(6,1,10330,NULL,NULL,NULL,NULL,NULL),
(6,2,10340,NULL,NULL,NULL,NULL,NULL),
(6,3,10350,NULL,NULL,NULL,NULL,NULL),
(6,4,10360,NULL,NULL,NULL,NULL,NULL),
(6,5,10370,NULL,NULL,NULL,NULL,NULL),
(6,6,10380,NULL,NULL,NULL,NULL,NULL),
(6,7,10390,NULL,NULL,NULL,NULL,NULL),
(6,8,10400,NULL,NULL,NULL,NULL,NULL),
(6,9,10410,NULL,NULL,NULL,NULL,NULL),
(6,10,10420,NULL,NULL,NULL,NULL,NULL),
(6,11,10430,NULL,NULL,NULL,NULL,NULL),
(6,12,10440,NULL,NULL,NULL,NULL,NULL),
(6,13,10450,NULL,NULL,NULL,NULL,NULL),
(6,14,10460,NULL,NULL,NULL,NULL,NULL),
(6,15,10470,NULL,NULL,NULL,NULL,NULL),
(6,16,10480,NULL,NULL,NULL,NULL,NULL),
(6,17,10490,NULL,NULL,NULL,NULL,NULL),
(6,18,10500,NULL,NULL,NULL,NULL,NULL),
(6,19,10510,NULL,NULL,NULL,NULL,NULL),
(6,20,10520,NULL,NULL,NULL,NULL,NULL),
(6,21,10530,NULL,NULL,NULL,NULL,NULL),
(6,22,10540,NULL,NULL,NULL,NULL,NULL),
(6,23,10550,NULL,NULL,NULL,NULL,NULL),
(6,24,10560,NULL,NULL,NULL,NULL,NULL),
(6,25,10570,NULL,NULL,NULL,NULL,NULL),
(6,26,10580,NULL,NULL,NULL,NULL,NULL),
(6,27,10590,NULL,NULL,NULL,NULL,NULL),
(6,28,10600,NULL,NULL,NULL,NULL,NULL),
(6,29,10540,NULL,NULL,NULL,NULL,NULL),
(6,30,10650,NULL,NULL,NULL,NULL,NULL),
(6,31,10660,NULL,NULL,NULL,NULL,NULL),
(6,32,10570,NULL,NULL,NULL,NULL,NULL),
(6,33,10580,NULL,NULL,NULL,NULL,NULL),
(6,34,10590,NULL,NULL,NULL,NULL,NULL),
(6,35,10600,NULL,NULL,NULL,NULL,NULL),
(6,36,10610,NULL,NULL,NULL,NULL,NULL),
(6,37,10720,NULL,NULL,NULL,NULL,NULL),
(6,38,10730,NULL,NULL,NULL,NULL,NULL),
(6,39,10840,NULL,NULL,NULL,NULL,NULL),
(6,40,10850,NULL,NULL,NULL,NULL,NULL),
(6,41,10660,NULL,NULL,NULL,NULL,NULL),
(6,42,10670,NULL,NULL,NULL,NULL,NULL),
(6,43,10680,NULL,NULL,NULL,NULL,NULL),
(6,44,10690,NULL,NULL,NULL,NULL,NULL),
(6,45,10700,NULL,NULL,NULL,NULL,NULL),
(6,46,10710,NULL,NULL,NULL,NULL,NULL),
(6,47,10920,NULL,NULL,NULL,NULL,NULL),
(6,48,10930,NULL,NULL,NULL,NULL,NULL),
(6,49,10940,NULL,NULL,NULL,NULL,NULL),
(6,50,10750,NULL,NULL,NULL,NULL,NULL);

/*Table structure for table `job023` */

DROP TABLE IF EXISTS `job023`;

CREATE TABLE `job023` (
  `MKEY` int(10) unsigned NOT NULL AUTO_INCREMENT COMMENT '종합KEY',
  `M_CODE` varchar(4) NOT NULL COMMENT '종합코드',
  `M_NAME` varchar(32) NOT NULL COMMENT '종합코드명',
  `INSERT_EMP_NO` varchar(32) NOT NULL,
  `INSERT_DATE` datetime NOT NULL,
  `UPDATE_EMP_NO` varchar(32) NOT NULL,
  `UPDATE_DATE` datetime NOT NULL,
  PRIMARY KEY (`MKEY`)
) ENGINE=InnoDB AUTO_INCREMENT=5 DEFAULT CHARSET=utf8;

/*Data for the table `job023` */

insert  into `job023`(`MKEY`,`M_CODE`,`M_NAME`,`INSERT_EMP_NO`,`INSERT_DATE`,`UPDATE_EMP_NO`,`UPDATE_DATE`) values 
(1,'A001','고객투자금','','0000-00-00 00:00:00','','0000-00-00 00:00:00'),
(2,'A002','펀드보유기간','','0000-00-00 00:00:00','','0000-00-00 00:00:00'),
(3,'A003','체험자투자원금','','0000-00-00 00:00:00','','0000-00-00 00:00:00'),
(4,'A004','난이도조절','','0000-00-00 00:00:00','','0000-00-00 00:00:00');

/*Table structure for table `job024` */

DROP TABLE IF EXISTS `job024`;

CREATE TABLE `job024` (
  `KEY` int(10) unsigned NOT NULL AUTO_INCREMENT,
  `MKEY` int(10) unsigned NOT NULL COMMENT '종합KEY',
  `MD_CODE` varchar(16) NOT NULL COMMENT '종합상세코드',
  `MD_NAME` varchar(32) NOT NULL COMMENT '종합상세명',
  `INSERT_EMP_NO` varchar(32) NOT NULL,
  `INSERT_DATE` datetime NOT NULL,
  `UPDATE_EMP_NO` varchar(32) DEFAULT NULL,
  `UPDATE_DATE` datetime DEFAULT NULL,
  PRIMARY KEY (`KEY`)
) ENGINE=InnoDB AUTO_INCREMENT=11 DEFAULT CHARSET=utf8;

/*Data for the table `job024` */

insert  into `job024`(`KEY`,`MKEY`,`MD_CODE`,`MD_NAME`,`INSERT_EMP_NO`,`INSERT_DATE`,`UPDATE_EMP_NO`,`UPDATE_DATE`) values 
(1,1,'투자자 A','1000000','','0000-00-00 00:00:00',NULL,NULL),
(2,1,'투자자 B','2000000','','0000-00-00 00:00:00',NULL,NULL),
(3,1,'투자자 C','3000000','','0000-00-00 00:00:00',NULL,NULL),
(4,2,'A','3','','0000-00-00 00:00:00',NULL,NULL),
(5,2,'B','12','','0000-00-00 00:00:00',NULL,NULL),
(6,2,'C','36','','0000-00-00 00:00:00',NULL,NULL),
(7,3,'A','10000000','','0000-00-00 00:00:00',NULL,NULL),
(8,4,'1','30','','0000-00-00 00:00:00',NULL,NULL),
(9,4,'2','50','','0000-00-00 00:00:00',NULL,NULL),
(10,4,'3','60','','0000-00-00 00:00:00',NULL,NULL);

/*Table structure for table `job025` */

DROP TABLE IF EXISTS `job025`;

CREATE TABLE `job025` (
  `SECT_KEY` int(10) unsigned NOT NULL AUTO_INCREMENT COMMENT '업종KEY',
  `COMP_KEY` int(11) NOT NULL COMMENT '종목KEY\r\n고유키..일련번호(자동생성)',
  `COMP_HEAD` varchar(32) DEFAULT NULL COMMENT '기업정보 타이틀',
  `COMP_FILE` text COMMENT '기업 내용',
  `UPDOWN` enum('1','2') DEFAULT '1' COMMENT '등락에 영향이 오르는 정보인지 내리는 정보인지 체크\r\n\r\n1= 내림\r\n2= 오름',
  `INSERT_EMP_NO` varchar(32) NOT NULL,
  `INSERT_DATE` datetime NOT NULL,
  `UPDATE_EMP_NO` varchar(32) DEFAULT NULL,
  `UPDATE_DATE` datetime DEFAULT NULL,
  PRIMARY KEY (`SECT_KEY`)
) ENGINE=InnoDB DEFAULT CHARSET=utf8;

/*Data for the table `job025` */

/*Table structure for table `job026` */

DROP TABLE IF EXISTS `job026`;

CREATE TABLE `job026` (
  `SECT_KEY` int(10) unsigned NOT NULL COMMENT '업종KEY',
  `COMP_KEY` int(10) unsigned NOT NULL COMMENT '종목KEY\r\n고유키..일련번호(자동생성)',
  `INSERT_EMP_NO` varchar(32) NOT NULL,
  `INSERT_DATE` datetime NOT NULL,
  `UPDATE_EMP_NO` varchar(32) DEFAULT NULL,
  `UPDATE_DATE` datetime DEFAULT NULL,
  PRIMARY KEY (`SECT_KEY`)
) ENGINE=InnoDB DEFAULT CHARSET=utf8;

/*Data for the table `job026` */

/*Table structure for table `job030` */

DROP TABLE IF EXISTS `job030`;

CREATE TABLE `job030` (
  `QUES_KEY` int(10) unsigned NOT NULL AUTO_INCREMENT COMMENT '고유키..일련번호(자동생성)',
  `QUES_NO` int(11) NOT NULL COMMENT '설문 순서',
  `QUES_NAME` varchar(128) DEFAULT NULL COMMENT '설문 질문',
  `INSERT_EMP_NO` varchar(32) DEFAULT NULL,
  `INSERT_DATE` datetime DEFAULT NULL,
  `UPDATE_EMP_NO` varchar(32) DEFAULT NULL,
  `UPDATE_DATE` datetime DEFAULT NULL,
  PRIMARY KEY (`QUES_KEY`)
) ENGINE=InnoDB AUTO_INCREMENT=6 DEFAULT CHARSET=utf8;

/*Data for the table `job030` */

insert  into `job030`(`QUES_KEY`,`QUES_NO`,`QUES_NAME`,`INSERT_EMP_NO`,`INSERT_DATE`,`UPDATE_EMP_NO`,`UPDATE_DATE`) values 
(1,1,'체험자의 나이는 어떻게 되십니까?',NULL,NULL,NULL,NULL),
(2,2,'돈을 투자를 한다면 어떠한 상품으로 투자 하고 싶습니까?',NULL,NULL,NULL,NULL),
(3,3,'돈을 투자 했을 때 수익을 얻고 싶은 비율과 손실이 생겨도 괜찮은 비율은?',NULL,NULL,NULL,NULL),
(4,4,'증권 하면 무엇이 떠오르는가요?',NULL,NULL,NULL,NULL),
(5,5,'돈을 투자 한다면 어떤 목적으로 투자를 하시겠습니까?',NULL,NULL,NULL,NULL);

/*Table structure for table `job031` */

DROP TABLE IF EXISTS `job031`;

CREATE TABLE `job031` (
  `ANSW_KEY` int(10) unsigned NOT NULL AUTO_INCREMENT COMMENT '고유키..일련번호(자동생성)',
  `QUES_KEY` int(10) unsigned NOT NULL COMMENT '설문KEY',
  `ANSW_NO` int(11) DEFAULT NULL COMMENT '답변 순서',
  `ANSW_NAME` varchar(128) DEFAULT NULL COMMENT '답변 내용',
  `ANSW_POINT` int(11) DEFAULT NULL COMMENT '답변선택시에 가중치(점수) 정보\r\n10~100점',
  `INSERT_EMP_NO` varchar(32) DEFAULT NULL,
  `INSERT_DATE` datetime DEFAULT NULL,
  `UPDATE_EMP_NO` varchar(32) DEFAULT NULL,
  `UPDATE_DATE` datetime DEFAULT NULL,
  PRIMARY KEY (`ANSW_KEY`,`QUES_KEY`)
) ENGINE=InnoDB AUTO_INCREMENT=20 DEFAULT CHARSET=utf8;

/*Data for the table `job031` */

insert  into `job031`(`ANSW_KEY`,`QUES_KEY`,`ANSW_NO`,`ANSW_NAME`,`ANSW_POINT`,`INSERT_EMP_NO`,`INSERT_DATE`,`UPDATE_EMP_NO`,`UPDATE_DATE`) values 
(1,1,1,'18세 이상',1,NULL,NULL,NULL,NULL),
(2,1,2,'15~17세',2,NULL,NULL,NULL,NULL),
(3,1,3,'12~14세',3,NULL,NULL,NULL,NULL),
(4,1,4,'9~11세',4,NULL,NULL,NULL,NULL),
(5,1,5,'8세 이하',5,NULL,NULL,NULL,NULL),
(6,2,1,'은행 예금/적금',1,NULL,NULL,NULL,NULL),
(7,2,2,'주식 및 증권투자',2,NULL,NULL,NULL,NULL),
(8,2,3,'집 또는 건물',3,NULL,NULL,NULL,NULL),
(9,2,4,'생각 없음',4,NULL,NULL,NULL,NULL),
(10,3,1,' +-5%이하',1,NULL,NULL,NULL,NULL),
(11,3,2,' +-10%이하',2,NULL,NULL,NULL,NULL),
(12,3,3,' +-15%이하',3,NULL,NULL,NULL,NULL),
(13,3,4,' +-20%이하',4,NULL,NULL,NULL,NULL),
(14,4,1,'경험이 없어서 모름',1,NULL,NULL,NULL,NULL),
(15,4,2,'주식매매, 펀드가입, 채권매매, 주식시세 용어 정도 알고 있음',2,NULL,NULL,NULL,NULL),
(16,4,3,'경제와 연관관계가 있으며 주식, 채권, 펀드 투자에 대한 위험성을 알고 있음 ',3,NULL,NULL,NULL,NULL),
(17,5,1,'투자수익 보다는 원금보존을 중요 시 하면서 투자',1,NULL,NULL,NULL,NULL),
(18,5,2,'원금보존 보다는 투자수익을 중요 시 하면서 투자',2,NULL,NULL,NULL,NULL),
(19,5,3,'손실 위험이 있더라도  투자수익을 중요 시 하면서 투자',3,NULL,NULL,NULL,NULL);

/*Table structure for table `job033` */

DROP TABLE IF EXISTS `job033`;

CREATE TABLE `job033` (
  `CUSTOM_KEY` int(11) NOT NULL COMMENT '펀드투자자KEY',
  `CUSTOM_NAME` varchar(16) DEFAULT NULL COMMENT '펀드투자자명',
  `CUSTOM_TOT` int(11) DEFAULT NULL COMMENT '투자보유금액',
  `INSERT_EMP_NO` varchar(32) NOT NULL COMMENT '최초등록자ID',
  `INSERT_DATE` datetime NOT NULL COMMENT '최초등록일시',
  `UPDATE_EMP_NO` varchar(32) DEFAULT NULL COMMENT '최종수정자ID',
  `UPDATE_DATE` datetime DEFAULT NULL COMMENT '최종수정일시',
  PRIMARY KEY (`CUSTOM_KEY`)
) ENGINE=InnoDB DEFAULT CHARSET=utf8;

/*Data for the table `job033` */

/*Table structure for table `job050` */

DROP TABLE IF EXISTS `job050`;

CREATE TABLE `job050` (
  `EMPL_KEY` int(10) unsigned NOT NULL AUTO_INCREMENT COMMENT '체험자KEY',
  `EMPL_NAME` varchar(32) NOT NULL COMMENT '체험자이름',
  `MF_FG` enum('M','F') NOT NULL DEFAULT 'M' COMMENT '남여구분',
  `EMPL_CASH` float DEFAULT NULL COMMENT '투자총자산',
  `stock_CASH` int(10) unsigned NOT NULL DEFAULT '10000000' COMMENT '주식 투자총자산',
  `INSERT_EMP_NO` varchar(32) NOT NULL COMMENT '최초등록자ID',
  `INSERT_DATE` datetime NOT NULL COMMENT '최초등록일시',
  `UPDATE_EMP_NO` varchar(32) DEFAULT NULL COMMENT '최종수정자ID',
  `UPDATE_DATE` datetime DEFAULT NULL COMMENT '최종수정자ID',
  PRIMARY KEY (`EMPL_KEY`)
) ENGINE=InnoDB AUTO_INCREMENT=2 DEFAULT CHARSET=utf8;

/*Data for the table `job050` */

insert  into `job050`(`EMPL_KEY`,`EMPL_NAME`,`MF_FG`,`EMPL_CASH`,`stock_CASH`,`INSERT_EMP_NO`,`INSERT_DATE`,`UPDATE_EMP_NO`,`UPDATE_DATE`) values 
(1,'도봉철','F',10000000,10000000,'','0000-00-00 00:00:00',NULL,NULL);

/*Table structure for table `job051` */

DROP TABLE IF EXISTS `job051`;

CREATE TABLE `job051` (
  `QUES_KEY` int(10) unsigned NOT NULL AUTO_INCREMENT COMMENT '설문KEY',
  `EMPL_KEY` int(10) unsigned NOT NULL COMMENT '체험자KEY',
  `EMPL_ANSW_KEY` int(11) DEFAULT NULL COMMENT '체험자선택답변',
  `EMPL_ANSW_POINT` float DEFAULT NULL COMMENT '답변점수',
  `INSERT_EMP_NO` varchar(32) NOT NULL COMMENT '최초등록자ID',
  `INSERT_DATE` datetime NOT NULL COMMENT '최초등록일시',
  `UPDATE_EMP_NO` varchar(32) DEFAULT NULL COMMENT '최종수정자ID',
  `UPDATE_DATE` datetime DEFAULT NULL COMMENT '최종수정일시',
  PRIMARY KEY (`QUES_KEY`,`EMPL_KEY`)
) ENGINE=InnoDB DEFAULT CHARSET=utf8;

/*Data for the table `job051` */

/*Table structure for table `job060` */

DROP TABLE IF EXISTS `job060`;

CREATE TABLE `job060` (
  `FUND_KEY` int(10) unsigned NOT NULL AUTO_INCREMENT COMMENT '펀드KEY',
  `EMPL_KEY` int(10) unsigned NOT NULL COMMENT '체험자KEY',
  `FUND_NAME` varchar(256) DEFAULT NULL COMMENT '펀드명',
  `FUND_TOT` int(11) DEFAULT NULL COMMENT '펀드총금액',
  `FUND_DAY` int(11) DEFAULT NULL COMMENT '예상운영개월',
  `FUND_MM` int(11) DEFAULT NULL COMMENT '실제운영개월',
  `FUND_ADDPER` float DEFAULT NULL COMMENT '펀드수익율',
  `FUND_USERPAY` int(11) DEFAULT NULL COMMENT '펀드메니져수익금',
  `INSERT_EMP_NO` varchar(32) NOT NULL COMMENT '최초등록자ID',
  `INSERT_DATE` datetime NOT NULL COMMENT '최초등록일시',
  `UPDATE_EMP_NO` varchar(32) DEFAULT NULL COMMENT '최종수정자ID',
  `UPDATE_DATE` datetime DEFAULT NULL COMMENT '최종수정일시',
  PRIMARY KEY (`FUND_KEY`,`EMPL_KEY`)
) ENGINE=InnoDB AUTO_INCREMENT=2 DEFAULT CHARSET=utf8;

/*Data for the table `job060` */

insert  into `job060`(`FUND_KEY`,`EMPL_KEY`,`FUND_NAME`,`FUND_TOT`,`FUND_DAY`,`FUND_MM`,`FUND_ADDPER`,`FUND_USERPAY`,`INSERT_EMP_NO`,`INSERT_DATE`,`UPDATE_EMP_NO`,`UPDATE_DATE`) values 
(1,1,'테스트 펀드1',3000000,12,NULL,NULL,NULL,'','0000-00-00 00:00:00',NULL,NULL);

/*Table structure for table `job061` */

DROP TABLE IF EXISTS `job061`;

CREATE TABLE `job061` (
  `FUND_KEY` int(10) unsigned NOT NULL COMMENT '펀드KEY',
  `COMP_CODE` varchar(10) NOT NULL COMMENT '종목KEY',
  `FUND_PER` int(11) DEFAULT NULL COMMENT '종목투자비율',
  `FUND_PRICE` int(11) DEFAULT NULL COMMENT '종목별투자금',
  `EMPL_KEY` int(10) unsigned NOT NULL COMMENT '체험자KEY',
  `INSERT_EMP_NO` varchar(32) NOT NULL COMMENT '최초등록자ID',
  `INSERT_DATE` datetime NOT NULL COMMENT '최초등록일시',
  `UPDATE_EMP_NO` varchar(32) DEFAULT NULL COMMENT '최종수정자ID',
  `UPDATE_DATE` datetime DEFAULT NULL COMMENT '최종수정일시',
  PRIMARY KEY (`FUND_KEY`,`COMP_CODE`,`EMPL_KEY`)
) ENGINE=InnoDB DEFAULT CHARSET=utf8;

/*Data for the table `job061` */

/*Table structure for table `job062` */

DROP TABLE IF EXISTS `job062`;

CREATE TABLE `job062` (
  `FUND_KEY` int(10) unsigned NOT NULL COMMENT '펀드KEY',
  `CUSTOM_KEY` int(10) unsigned NOT NULL COMMENT '펀드투자자KEY',
  `CUSTOM_PAY` int(11) DEFAULT NULL COMMENT '펀드투자금액',
  `CUSTOM_ADDPER` float DEFAULT NULL COMMENT '투자수익율',
  `CUSTOM_ADDPAY` int(11) DEFAULT NULL COMMENT '투자수익금',
  `EMPL_KEY` int(10) unsigned NOT NULL COMMENT '체험자KEY',
  `INSERT_EMP_NO` varchar(32) NOT NULL COMMENT '최초등록자ID',
  `INSERT_DATE` datetime NOT NULL COMMENT '최초등록일시',
  `UPDATE_EMP_NO` varchar(32) DEFAULT NULL COMMENT '최종수정자ID',
  `UPDATE_DATE` datetime DEFAULT NULL COMMENT '최종수정일시',
  PRIMARY KEY (`FUND_KEY`,`CUSTOM_KEY`,`EMPL_KEY`)
) ENGINE=InnoDB DEFAULT CHARSET=utf8;

/*Data for the table `job062` */

insert  into `job062`(`FUND_KEY`,`CUSTOM_KEY`,`CUSTOM_PAY`,`CUSTOM_ADDPER`,`CUSTOM_ADDPAY`,`EMPL_KEY`,`INSERT_EMP_NO`,`INSERT_DATE`,`UPDATE_EMP_NO`,`UPDATE_DATE`) values 
(1,1,500000,NULL,NULL,1,'','0000-00-00 00:00:00',NULL,NULL),
(1,2,1000000,NULL,NULL,1,'','0000-00-00 00:00:00',NULL,NULL),
(1,3,1500000,NULL,NULL,1,'','0000-00-00 00:00:00',NULL,NULL);

/*Table structure for table `job070` */

DROP TABLE IF EXISTS `job070`;

CREATE TABLE `job070` (
  `EMPL_KEY` int(10) unsigned NOT NULL AUTO_INCREMENT COMMENT '체험자KEY',
  `BOND_KEY` int(10) unsigned NOT NULL COMMENT '채권마스터정보 KEY 정보',
  `BOND_BUYQTY` int(11) DEFAULT NULL COMMENT '채권매수수량 입력 값',
  `BOND_BUYPAY` int(11) DEFAULT NULL COMMENT '채권매수금액\r\n채권매수금액=매수수량 * JOB020.기준가격',
  `BOND_BUYDATE` date DEFAULT NULL COMMENT '최초에는 만기일자를 입력하고...수익율보기 클릭하면\r\n만기인지/중도해지인지를 확인해서 날짜을 입력(예.20170502)',
  `BOND_BUYPER` int(11) DEFAULT NULL COMMENT '채권수익륳\r\n매수금액 대비 해지일자에 따른 수익금액\r\nJOB022테이블의 해지월의 가격정보와..그때까지의 이자금액을 포함한 금액',
  `BOND-BUYTOT` int(11) DEFAULT NULL COMMENT '채권수익금\r\nJOB022테이블의 해지월의 가격정보와..그때까지의 이자금액을 포함한 금액',
  `INSERT_EMP_NO` varchar(32) NOT NULL,
  `INSERT_DATE` datetime NOT NULL,
  `UPDATE_EMP_NO` varchar(32) DEFAULT NULL,
  `UPDATE_DATE` datetime DEFAULT NULL,
  PRIMARY KEY (`EMPL_KEY`,`BOND_KEY`)
) ENGINE=InnoDB DEFAULT CHARSET=utf8;

/*Data for the table `job070` */

/*Table structure for table `job080` */

DROP TABLE IF EXISTS `job080`;

CREATE TABLE `job080` (
  `EMPL_KEY` int(10) unsigned NOT NULL AUTO_INCREMENT COMMENT '체험자KEY',
  `COMP_KEY` varchar(10) NOT NULL COMMENT '채권마스터정보 KEY 정보',
  `INSERT_EMP_NO` varchar(32) DEFAULT NULL,
  `INSERT_DATE` datetime DEFAULT NULL,
  `UPDATE_EMP_NO` varchar(32) DEFAULT NULL,
  `UPDATE_DATE` datetime DEFAULT NULL,
  PRIMARY KEY (`EMPL_KEY`,`COMP_KEY`)
) ENGINE=InnoDB DEFAULT CHARSET=utf8;

/*Data for the table `job080` */

/*Table structure for table `job081` */

DROP TABLE IF EXISTS `job081`;

CREATE TABLE `job081` (
  `BUY_KEY` int(10) unsigned NOT NULL AUTO_INCREMENT COMMENT '매수 KEY\r\n자동 증가',
  `EMPL_KEY` int(10) unsigned NOT NULL COMMENT '체험자KEY',
  `COMP_CODE` varchar(10) NOT NULL COMMENT '주식종목정보 KEY 정보',
  `EMPL_BUYQTY` int(11) NOT NULL COMMENT '매수수량 입력 값',
  `EMPL_BUYPRICE` int(11) DEFAULT NULL COMMENT '종목의 현재가격..매수(사는) 가격\r\nJOB015.현재가격(시간별 변동된 가격적용)',
  `EMPL_BUYTOT` int(11) DEFAULT NULL COMMENT '매수금액\r\n매수금액=매수수량 * 매수가격',
  `INSERT_EMP_NO` varchar(32) NOT NULL,
  `INSERT_DATE` datetime NOT NULL,
  `UPDATE_EMP_NO` varchar(32) DEFAULT NULL,
  `UPDATE_DATE` datetime DEFAULT NULL,
  PRIMARY KEY (`BUY_KEY`,`EMPL_KEY`,`COMP_CODE`)
) ENGINE=InnoDB DEFAULT CHARSET=utf8;

/*Data for the table `job081` */

/*Table structure for table `job082` */

DROP TABLE IF EXISTS `job082`;

CREATE TABLE `job082` (
  `BUY_KEY` int(10) unsigned NOT NULL COMMENT '매수 KEY',
  `EMPL_SELQTY` int(11) NOT NULL COMMENT '매도수량 입력 값\r\n매수잔고 수량 보다 더 많이 매도는 하지 못함(잔고 만큼 매도 가능)',
  `EMPL_SELPRICE` int(11) DEFAULT NULL COMMENT '종목의 현재가격..매도(파는) 가격\r\nJOB015.현재가격(시간별 변동된 가격적용)',
  `EMPL_SELTOT` int(11) DEFAULT NULL COMMENT '매도금액\r\n매도금액=매도수량 * 매도가격',
  `EMPL_KEY` int(11) NOT NULL COMMENT '체험자KEY',
  `COMP_CODE` varchar(10) NOT NULL COMMENT '주식종목정보 KEY 정보',
  `INSERT_EMP_NO` varchar(32) NOT NULL,
  `INSERT_DATE` datetime NOT NULL,
  `UPDATE_EMP_NO` varchar(32) DEFAULT NULL,
  `UPDATE_DATE` datetime DEFAULT NULL
) ENGINE=InnoDB DEFAULT CHARSET=utf8;

/*Data for the table `job082` */

/*Table structure for table `job083` */

DROP TABLE IF EXISTS `job083`;

CREATE TABLE `job083` (
  `BUY_KEY` int(10) unsigned NOT NULL COMMENT '매수 KEY\r\n자동 증가',
  `EMPL_KEY` int(11) NOT NULL COMMENT '체험자KEY',
  `COMP_CODE` varchar(10) NOT NULL COMMENT '주식종목정보 KEY 정보',
  `EMPL_BALQTY` int(11) NOT NULL COMMENT '보유잔고수량\r\nJOB081.매수수량 - JOB082.매도수량',
  `EMPL_BUYPRICE` int(11) DEFAULT NULL COMMENT '주식 매수한 가격 정보',
  `EMPL_BUYTOT` int(11) DEFAULT NULL COMMENT '잔고금액\r\nJOB015.현재가격(시간별 변동된 가격적용)\r\n잔고금액=보유잔고수량 * 현재가격',
  `INSERT_EMP_NO` varchar(32) NOT NULL,
  `INSERT_DATE` datetime NOT NULL,
  `UPDATE_EMP_NO` varchar(32) DEFAULT NULL,
  `UPDATE_DATE` datetime DEFAULT NULL,
  PRIMARY KEY (`BUY_KEY`,`EMPL_KEY`,`COMP_CODE`)
) ENGINE=InnoDB DEFAULT CHARSET=utf8;

/*Data for the table `job083` */

/*Table structure for table `system_col` */

DROP TABLE IF EXISTS `system_col`;

CREATE TABLE `system_col` (
  `INSERT_EMP_NO` varchar(32) NOT NULL COMMENT '최초등록자ID',
  `INSERT_DATE` datetime NOT NULL COMMENT '최초등록일시',
  `UPDATE_EMP_NO` varchar(32) NOT NULL COMMENT '최종수정자ID',
  `UPDATE_DATE` datetime NOT NULL COMMENT '최종수정일시'
) ENGINE=InnoDB DEFAULT CHARSET=utf8;

/*Data for the table `system_col` */

/*Table structure for table `tb_admin` */

DROP TABLE IF EXISTS `tb_admin`;

CREATE TABLE `tb_admin` (
  `PG_LOCK` tinyint(1) unsigned NOT NULL DEFAULT '0' COMMENT '사용제한',
  `fund_STATUS` tinyint(1) NOT NULL DEFAULT '0' COMMENT '펀드 진행',
  `bond_STATUS` tinyint(1) NOT NULL DEFAULT '0' COMMENT '채권 진행',
  `stock_STATUS` tinyint(1) NOT NULL DEFAULT '0' COMMENT '주식 진행',
  `DATA_TYPE` tinyint(1) NOT NULL DEFAULT '60' COMMENT '체험데이터',
  `stock_rownum` smallint(5) unsigned NOT NULL DEFAULT '10' COMMENT '읽어야할 주식 Row',
  `news_que` smallint(6) NOT NULL DEFAULT '0' COMMENT '뉴스 변경 여부',
  `anal_que` smallint(6) NOT NULL DEFAULT '0' COMMENT '애널리스트 변경 여부',
  KEY `PG_LOCK` (`PG_LOCK`)
) ENGINE=InnoDB DEFAULT CHARSET=utf8;

/*Data for the table `tb_admin` */

insert  into `tb_admin`(`PG_LOCK`,`fund_STATUS`,`bond_STATUS`,`stock_STATUS`,`DATA_TYPE`,`stock_rownum`,`news_que`,`anal_que`) values 
(1,0,0,0,30,11,1,1);

/*!40101 SET SQL_MODE=@OLD_SQL_MODE */;
/*!40014 SET FOREIGN_KEY_CHECKS=@OLD_FOREIGN_KEY_CHECKS */;
/*!40014 SET UNIQUE_CHECKS=@OLD_UNIQUE_CHECKS */;
/*!40111 SET SQL_NOTES=@OLD_SQL_NOTES */;
